{"stats":{"minecraft:crafted":{"minecraft:oak_planks":44,"minecraft:cooked_chicken":2,"minecraft:cooked_mutton":12,"minecraft:iron_boots":2,"immersive_aircraft:hull":1,"minecraft:chest":3,"minecraft:birch_door":3,"alexsmobs:cooked_catfish":1,"minecraft:smoker":1,"minecraft:golden_axe":1,"minecraft:cooked_porkchop":5,"minecraft:crafting_table":5,"minecraft:spruce_planks":132,"minecraft:wooden_pickaxe":2,"minecraft:iron_helmet":1,"minecraft:birch_planks":80,"minecraft:campfire":1,"biomesoplenty:fir_planks":136,"minecraft:iron_chestplate":2,"minecraft:diamond_pickaxe":1,"minecraft:shield":2,"minecraft:stick":84,"minecraft:iron_pickaxe":7,"minecraft:iron_ingot":127,"minecraft:gold_ingot":17,"minecraft:deepslate_bricks":320,"minecraft:furnace":1,"minecraft:flint_and_steel":1,"minecraft:polished_deepslate":320,"minecraft:iron_axe":1,"minecraft:ladder":15,"minecraft:stone_pickaxe":9,"minecraft:golden_helmet":1,"minecraft:cooked_beef":16,"iceandfire:silver_ingot":16,"minecraft:iron_sword":2,"minecraft:cooked_salmon":12,"minecraft:bucket":1,"minecraft:stone_axe":1,"minecraft:air":0,"iceandfire:bestiary":2,"minecraft:wooden_axe":2,"minecraft:iron_leggings":3,"iceandfire:silver_pickaxe":1,"minecraft:torch":36},"minecraft:dropped":{"minecraft:soul_sand":1,"alexsmobs:banana_slug_slime":1,"minecraft:diamond":1,"minecraft:leather":7,"alexsmobs:bison_fur":1,"biomesoplenty:fir_sapling":5,"minecraft:dirt":34,"minecraft:snowball":14,"gravestone:obituary":26,"minecraft:white_wool":10,"minecraft:bone":23,"minecraft:white_tulip":2,"biomesoplenty:toadstool":8,"alexsmobs:animal_dictionary":2,"minecraft:cobbled_deepslate":151,"minecraft:rotten_flesh":26,"minecraft:chainmail_chestplate":1,"minecraft:rabbit_hide":1,"minecraft:skeleton_skull":1,"minecraft:leather_leggings":1,"minecraft:arrow":9,"minecraft:netherrack":62,"minecraft:water_bucket":1,"minecraft:golden_helmet":1,"minecraft:lead":1,"minecraft:cobblestone":7,"minecraft:granite":10,"minecraft:diorite":34,"minecraft:torch":2,"minecraft:wooden_axe":1,"minecraft:wither_rose":2,"minecraft:smooth_stone":1,"minecraft:string":19,"minecraft:spruce_sapling":1,"minecraft:smooth_stone_slab":1,"minecraft:tuff":33,"minecraft:shield":1,"minecraft:andesite":45,"minecraft:oak_sapling":2,"minecraft:redstone_torch":1,"minecraft:spider_eye":4,"minecraft:wooden_pickaxe":1,"minecraft:magma_block":1},"minecraft:picked_up":{"minecraft:wooden_axe":1,"minecraft:birch_door":1,"minecraft:iron_chestplate":1,"minecraft:wheat":4,"minecraft:lead":2,"minecraft:wither_rose":4,"minecraft:polished_deepslate":2,"minecraft:string":23,"minecraft:raw_copper":27,"minecraft:soul_soil":5,"minecraft:smooth_stone_slab":1,"minecraft:beetroot":3,"minecraft:cobbled_deepslate":524,"minecraft:smooth_stone":2,"biomesoplenty:fir_planks":31,"minecraft:spruce_planks":18,"minecraft:white_tulip":2,"minecraft:redstone_torch":3,"minecraft:iron_pickaxe":2,"minecraft:iron_boots":1,"minecraft:furnace":9,"minecraft:stick":14,"minecraft:torch":29,"minecraft:porkchop":7,"minecraft:diorite":37,"fantasyfurniture:furniture_station":1,"minecraft:rotten_flesh":30,"minecraft:obsidian":17,"minecraft:snowball":14,"minecraft:cobblestone":1080,"paraglider:paraglider":1,"minecraft:birch_log":20,"minecraft:magma_block":9,"minecraft:cooked_beef":4,"minecraft:andesite":70,"paraglider:spirit_orb":2,"minecraft:tuff":33,"minecraft:smoker":4,"alexsmobs:bison_fur":1,"biomesoplenty:fir_sapling":5,"biomesoplenty:fir_log":63,"minecraft:flint":5,"minecraft:stripped_spruce_wood":9,"minecraft:lapis_lazuli":124,"minecraft:dirt":153,"minecraft:bone":23,"minecraft:stonecutter":1,"minecraft:wheat_seeds":3,"minecraft:raw_gold":17,"minecraft:bell":2,"minecraft:rabbit":1,"biomesoplenty:toadstool":12,"biomesoplenty:fir_fence":2,"minecraft:mossy_cobblestone":1,"alexsmobs:animal_dictionary":2,"minecraft:diamond":46,"minecraft:granite":24,"minecraft:emerald":3,"alexsmobs:banana_slug_slime":1,"minecraft:oak_sapling":2,"minecraft:light_gray_carpet":6,"minecraft:netherrack":65,"twilightforest:torchberries":1,"iceandfire:raw_silver":16,"minecraft:crafting_table":12,"minecraft:coarse_dirt":3,"minecraft:allium":2,"minecraft:chicken":2,"minecraft:ladder":1,"minecraft:leather_leggings":1,"minecraft:brown_mushroom":1,"minecraft:wooden_pickaxe":2,"minecraft:chain":1,"gravestone:obituary":11,"minecraft:cornflower":5,"minecraft:red_bed":3,"minecraft:white_carpet":9,"minecraft:compass":1,"minecraft:cracked_stone_bricks":4,"minecraft:beef":20,"minecraft:poppy":4,"minecraft:spruce_slab":1,"minecraft:chest":1,"minecraft:birch_sapling":2,"minecraft:egg":1,"minecraft:raw_iron":127,"minecraft:arrow":9,"minecraft:beetroot_seeds":7,"minecraft:skeleton_skull":1,"minecraft:mutton":19,"minecraft:white_wool":10,"minecraft:oxeye_daisy":5,"born_in_chaos_v1:corpse_maggot":1,"minecraft:salmon":13,"minecraft:leather":10,"minecraft:oak_log":17,"minecraft:chainmail_chestplate":1,"minecraft:ancient_debris":1,"minecraft:blue_bed":3,"minecraft:cooked_mutton":5,"twilightforest:raw_venison":4,"minecraft:rabbit_hide":2,"minecraft:stone_pickaxe":1,"minecraft:soul_sand":1,"minecraft:chiseled_stone_bricks":1,"minecraft:quartz":25,"minecraft:blast_furnace":6,"minecraft:spruce_sapling":1,"minecraft:spruce_log":24,"minecraft:spider_eye":4,"alexsmobs:raw_catfish":1,"iceandfire:silver_pickaxe":1,"iceandfire:silver_sword":1,"minecraft:baked_potato":2,"minecraft:coal":136},"minecraft:custom":{"minecraft:interact_with_crafting_table":50,"minecraft:leave_game":10,"minecraft:time_since_death":10728,"minecraft:sprint_one_cm":782187,"minecraft:damage_blocked_by_shield":1351,"minecraft:drop":130,"minecraft:talked_to_villager":1,"minecraft:play_time":369458,"minecraft:deaths":16,"minecraft:jump":5877,"minecraft:walk_on_water_one_cm":98116,"minecraft:interact_with_furnace":27,"twilightforest:uncrafting_table_interactions":1,"minecraft:sleep_in_bed":4,"minecraft:damage_dealt":17665,"minecraft:player_kills":5,"minecraft:crouch_one_cm":19380,"minecraft:interact_with_smoker":20,"minecraft:mob_kills":111,"minecraft:interact_with_campfire":4,"minecraft:damage_dealt_resisted":120,"minecraft:climb_one_cm":7993,"minecraft:walk_one_cm":730308,"minecraft:sneak_time":6497,"minecraft:walk_under_water_one_cm":74841,"minecraft:interact_with_blast_furnace":56,"minecraft:total_world_time":369458,"minecraft:time_since_rest":10758,"minecraft:damage_taken":6811,"minecraft:trigger_trapped_chest":3,"minecraft:swim_one_cm":158417,"minecraft:fly_one_cm":3282081,"minecraft:open_chest":75,"minecraft:fall_one_cm":156168},"minecraft:mined":{"minecraft:obsidian":17,"minecraft:granite":30,"minecraft:grass_block":43,"minecraft:soul_soil":9,"minecraft:spawner":3,"minecraft:smooth_stone":1,"minecraft:magma_block":9,"minecraft:iron_ore":97,"minecraft:fire":7,"minecraft:deepslate_lapis_ore":1,"minecraft:deepslate_redstone_ore":5,"minecraft:brown_mushroom":1,"minecraft:red_bed":2,"minecraft:smoker":3,"minecraft:soul_fire":2,"twilightforest:torchberry_plant":1,"minecraft:torch":8,"minecraft:blast_furnace":6,"minecraft:chest":1,"minecraft:nether_quartz_ore":27,"minecraft:cobblestone":56,"minecraft:wall_torch":12,"minecraft:deepslate_copper_ore":1,"minecraft:skeleton_skull":1,"minecraft:chain":1,"minecraft:birch_log":20,"minecraft:lilac":1,"minecraft:birch_door":1,"biomesoplenty:fir_log":66,"minecraft:wither_rose":2,"minecraft:stone_brick_stairs":1,"minecraft:smooth_stone_slab":1,"minecraft:grass":12,"minecraft:oak_log":17,"minecraft:beetroots":3,"minecraft:dirt":69,"minecraft:stonecutter":1,"minecraft:netherrack":124,"minecraft:ancient_debris":1,"minecraft:oak_leaves":44,"minecraft:deepslate":690,"biomesoplenty:reed":1,"minecraft:diamond_ore":6,"minecraft:tuff":66,"iceandfire:silver_ore":16,"minecraft:mossy_cobblestone":1,"minecraft:deepslate_diamond_ore":32,"minecraft:glow_lichen":1,"gravestone:gravestone":14,"minecraft:ladder":1,"biomesoplenty:bush":1,"minecraft:allium":1,"minecraft:spruce_leaves":3,"minecraft:redstone_ore":5,"minecraft:furnace":5,"biomesoplenty:toadstool":4,"minecraft:andesite":124,"twilightforest:twilight_oak_leaves":6,"minecraft:polished_deepslate":2,"biomesoplenty:high_grass":1,"minecraft:deepslate_iron_ore":30,"minecraft:vine":6,"minecraft:stone":1024,"minecraft:redstone_wall_torch":1,"twilightforest:root_strand":2,"minecraft:soul_sand":1,"minecraft:dandelion":1,"minecraft:crafting_table":12,"biomesoplenty:fir_planks":2,"biomesoplenty:high_grass_plant":1,"minecraft:copper_ore":4,"minecraft:lapis_ore":10,"minecraft:deepslate_gold_ore":8,"minecraft:diorite":36,"minecraft:blue_bed":2,"minecraft:coarse_dirt":4,"minecraft:stripped_spruce_wood":8,"biomesoplenty:fir_fence":1,"minecraft:ice":1,"minecraft:spruce_log":26,"minecraft:birch_leaves":30,"minecraft:coal_ore":93,"biomesoplenty:fir_leaves":25,"minecraft:cracked_stone_bricks":3,"minecraft:stone_bricks":2,"minecraft:gold_ore":9,"minecraft:fern":3},"minecraft:broken":{"iceandfire:silver_pickaxe":2,"minecraft:stone_pickaxe":8,"minecraft:wooden_axe":1,"minecraft:wooden_pickaxe":1,"minecraft:golden_axe":1,"minecraft:iron_pickaxe":1},"minecraft:used":{"minecraft:beetroot":2,"minecraft:polished_deepslate":2,"minecraft:poppy":4,"minecraft:ladder":7,"minecraft:chest":4,"minecraft:shield":82,"minecraft:iron_sword":86,"minecraft:rotten_flesh":1,"minecraft:iron_chestplate":1,"minecraft:mutton":1,"minecraft:allium":1,"minecraft:obsidian":12,"minecraft:birch_sapling":2,"iceandfire:ghost_chest":1,"minecraft:iron_helmet":1,"minecraft:magma_block":8,"minecraft:furnace":5,"minecraft:beetroot_seeds":7,"minecraft:egg":1,"minecraft:diorite":3,"minecraft:oak_planks":8,"minecraft:stone_pickaxe":1081,"minecraft:wooden_pickaxe":87,"biomesoplenty:fir_planks":108,"minecraft:blue_bed":1,"minecraft:blast_furnace":6,"minecraft:redstone_torch":1,"iceandfire:silver_pickaxe":738,"minecraft:golden_helmet":1,"minecraft:chain":1,"minecraft:andesite":25,"minecraft:coarse_dirt":1,"iceandfire:silver_sword":194,"minecraft:flint_and_steel":11,"minecraft:cooked_salmon":12,"minecraft:cooked_chicken":2,"minecraft:netherrack":3,"minecraft:torch":55,"minecraft:dirt":91,"minecraft:birch_door":4,"minecraft:wooden_axe":26,"minecraft:iron_axe":82,"minecraft:iron_boots":1,"minecraft:beef":3,"minecraft:soul_soil":5,"minecraft:cooked_beef":17,"minecraft:cobbled_deepslate":18,"minecraft:golden_axe":32,"minecraft:iron_leggings":1,"minecraft:cooked_mutton":13,"minecraft:water_bucket":25,"alexsmobs:cooked_catfish":1,"minecraft:rabbit":1,"minecraft:birch_planks":20,"minecraft:baked_potato":2,"minecraft:cracked_stone_bricks":4,"minecraft:salmon":1,"minecraft:crafting_table":16,"minecraft:red_bed":2,"minecraft:campfire":1,"minecraft:smoker":4,"minecraft:diamond_pickaxe":19,"minecraft:cornflower":5,"minecraft:oxeye_daisy":5,"minecraft:iron_pickaxe":638,"biomesoplenty:toadstool":4,"minecraft:stone_axe":74,"minecraft:chiseled_stone_bricks":1,"minecraft:cobblestone":267,"minecraft:cooked_porkchop":1,"minecraft:porkchop":2,"minecraft:bucket":26,"alexsmobs:animal_dictionary":2},"minecraft:killed_by":{"alexsmobs:crocodile":1,"minecraft:zombie":2,"minecraft:player":1,"iceandfire:ghost":3},"minecraft:killed":{"alexsmobs:lobster":1,"minecraft:cave_spider":1,"minecraft:skeleton":6,"alexsmobs:banana_slug":1,"minecraft:chicken":2,"minecraft:silverfish":2,"twilightforest:slime_beetle":1,"minecraft:pig":1,"minecraft:salmon":13,"minecraft:sheep":11,"twilightforest:redcap":4,"minecraft:zombie":21,"alexsmobs:terrapin":1,"alexsmobs:fly":2,"minecraft:cow":1,"twilightforest:deer":2,"alexsmobs:raccoon":2,"alexsmobs:tasmanian_devil":1,"alexsmobs:sugar_glider":1,"born_in_chaos_v1:maggot":2,"minecraft:horse":2,"twilightforest:swarm_spider":9,"twilightforest:hedge_spider":1,"minecraft:drowned":1,"alexsmobs:bison":1,"alexsmobs:soul_vulture":1,"twilightforest:helmet_crab":1,"born_in_chaos_v1:baby_skeleton":1,"minecraft:rabbit":1,"twilightforest:kobold":7,"alexsmobs:catfish":1,"iceandfire:ghost":5,"alexsmobs:crow":1}},"DataVersion":3465}