{"stats":{"minecraft:picked_up":{"minecraft:wooden_axe":1,"minecraft:coarse_dirt":3,"minecraft:iron_chestplate":1,"minecraft:crafting_table":12,"minecraft:birch_door":1,"minecraft:allium":2,"minecraft:chicken":2,"minecraft:ladder":1,"minecraft:brown_mushroom":1,"minecraft:lead":2,"minecraft:wooden_pickaxe":2,"minecraft:wither_rose":2,"gravestone:obituary":10,"minecraft:polished_deepslate":2,"minecraft:string":5,"minecraft:red_bed":3,"minecraft:soul_soil":5,"minecraft:raw_copper":27,"minecraft:smooth_stone_slab":1,"minecraft:compass":1,"minecraft:white_carpet":9,"minecraft:beetroot":2,"minecraft:cracked_stone_bricks":4,"minecraft:smooth_stone":2,"minecraft:cobbled_deepslate":524,"biomesoplenty:fir_planks":22,"minecraft:spruce_planks":18,"minecraft:beef":20,"minecraft:redstone_torch":3,"minecraft:spruce_slab":1,"minecraft:chest":1,"minecraft:furnace":8,"minecraft:stick":8,"minecraft:raw_iron":127,"minecraft:torch":21,"minecraft:porkchop":7,"minecraft:diorite":37,"minecraft:arrow":9,"minecraft:rotten_flesh":10,"minecraft:beetroot_seeds":7,"minecraft:obsidian":17,"minecraft:mutton":18,"minecraft:snowball":14,"minecraft:skeleton_skull":1,"minecraft:white_wool":10,"minecraft:cobblestone":961,"minecraft:birch_log":20,"minecraft:magma_block":9,"alexsmobs:bison_fur":1,"minecraft:andesite":70,"minecraft:salmon":13,"minecraft:leather":6,"minecraft:smoker":4,"biomesoplenty:fir_sapling":5,"biomesoplenty:fir_log":40,"minecraft:flint":5,"minecraft:tuff":33,"minecraft:stripped_spruce_wood":9,"minecraft:oak_log":17,"minecraft:chainmail_chestplate":1,"minecraft:ancient_debris":1,"minecraft:lapis_lazuli":124,"minecraft:dirt":119,"minecraft:blue_bed":3,"minecraft:cooked_mutton":5,"minecraft:bone":10,"minecraft:stonecutter":1,"minecraft:wheat_seeds":2,"minecraft:raw_gold":17,"minecraft:bell":2,"minecraft:rabbit_hide":2,"minecraft:stone_pickaxe":1,"minecraft:rabbit":1,"minecraft:soul_sand":1,"biomesoplenty:toadstool":12,"minecraft:chiseled_stone_bricks":1,"minecraft:quartz":25,"biomesoplenty:fir_fence":2,"minecraft:spruce_sapling":1,"minecraft:blast_furnace":6,"minecraft:spruce_log":24,"alexsmobs:animal_dictionary":2,"alexsmobs:raw_catfish":1,"iceandfire:silver_pickaxe":1,"minecraft:diamond":46,"iceandfire:silver_sword":1,"minecraft:granite":24,"minecraft:emerald":3,"alexsmobs:banana_slug_slime":1,"minecraft:baked_potato":2,"minecraft:oak_sapling":2,"minecraft:light_gray_carpet":6,"minecraft:netherrack":65,"minecraft:coal":118,"iceandfire:raw_silver":16},"minecraft:broken":{"iceandfire:silver_pickaxe":2,"minecraft:wooden_pickaxe":1,"minecraft:stone_pickaxe":8,"minecraft:golden_axe":1,"minecraft:iron_pickaxe":1,"minecraft:wooden_axe":1},"minecraft:custom":{"minecraft:mob_kills":64,"minecraft:interact_with_crafting_table":40,"minecraft:interact_with_campfire":4,"minecraft:leave_game":8,"minecraft:time_since_death":10594,"minecraft:climb_one_cm":7993,"minecraft:sprint_one_cm":604236,"minecraft:walk_one_cm":574490,"minecraft:damage_blocked_by_shield":585,"minecraft:drop":79,"minecraft:talked_to_villager":1,"minecraft:play_time":301874,"minecraft:sneak_time":5136,"minecraft:deaths":12,"minecraft:walk_under_water_one_cm":65471,"minecraft:jump":4540,"minecraft:interact_with_blast_furnace":54,"minecraft:walk_on_water_one_cm":95109,"minecraft:total_world_time":301874,"minecraft:interact_with_furnace":22,"minecraft:sleep_in_bed":4,"minecraft:time_since_rest":12079,"minecraft:damage_taken":4371,"minecraft:trigger_trapped_chest":3,"minecraft:damage_dealt":9185,"minecraft:player_kills":5,"minecraft:swim_one_cm":123892,"minecraft:fly_one_cm":865585,"minecraft:open_chest":58,"minecraft:crouch_one_cm":14331,"minecraft:fall_one_cm":124592,"minecraft:interact_with_smoker":14},"minecraft:mined":{"minecraft:diamond_ore":6,"minecraft:tuff":66,"iceandfire:silver_ore":16,"minecraft:deepslate_diamond_ore":32,"minecraft:glow_lichen":1,"minecraft:obsidian":17,"minecraft:ladder":1,"minecraft:granite":30,"gravestone:gravestone":11,"biomesoplenty:bush":1,"minecraft:allium":1,"minecraft:grass_block":35,"minecraft:soul_soil":9,"minecraft:spruce_leaves":3,"minecraft:smooth_stone":1,"minecraft:redstone_ore":4,"minecraft:magma_block":9,"minecraft:furnace":4,"minecraft:fire":1,"biomesoplenty:toadstool":4,"minecraft:iron_ore":97,"minecraft:andesite":124,"minecraft:deepslate_lapis_ore":1,"minecraft:polished_deepslate":2,"biomesoplenty:high_grass":1,"minecraft:vine":6,"minecraft:deepslate_iron_ore":30,"minecraft:stone":936,"minecraft:redstone_wall_torch":1,"minecraft:deepslate_redstone_ore":5,"minecraft:brown_mushroom":1,"minecraft:red_bed":2,"minecraft:soul_sand":1,"minecraft:soul_fire":2,"minecraft:smoker":3,"minecraft:dandelion":1,"minecraft:crafting_table":12,"minecraft:torch":4,"minecraft:blast_furnace":6,"biomesoplenty:fir_planks":1,"minecraft:chest":1,"biomesoplenty:high_grass_plant":1,"minecraft:nether_quartz_ore":27,"minecraft:copper_ore":4,"minecraft:cobblestone":50,"minecraft:deepslate_gold_ore":8,"minecraft:lapis_ore":10,"minecraft:diorite":36,"minecraft:blue_bed":2,"minecraft:wall_torch":10,"minecraft:deepslate_copper_ore":1,"minecraft:skeleton_skull":1,"minecraft:coarse_dirt":4,"minecraft:stripped_spruce_wood":8,"biomesoplenty:fir_fence":1,"minecraft:birch_log":20,"minecraft:spruce_log":26,"minecraft:ice":1,"minecraft:lilac":1,"minecraft:birch_leaves":4,"minecraft:birch_door":1,"minecraft:stone_brick_stairs":1,"biomesoplenty:fir_log":40,"minecraft:wither_rose":2,"minecraft:smooth_stone_slab":1,"minecraft:grass":4,"minecraft:coal_ore":80,"minecraft:oak_log":17,"minecraft:beetroots":3,"biomesoplenty:fir_leaves":24,"minecraft:dirt":58,"minecraft:cracked_stone_bricks":3,"minecraft:stone_bricks":2,"minecraft:stonecutter":1,"minecraft:ancient_debris":1,"minecraft:netherrack":124,"minecraft:gold_ore":9,"minecraft:oak_leaves":44,"minecraft:deepslate":690,"biomesoplenty:reed":1,"minecraft:fern":2},"minecraft:killed_by":{"minecraft:player":1,"alexsmobs:crocodile":1,"minecraft:zombie":2,"iceandfire:ghost":3},"minecraft:crafted":{"minecraft:oak_planks":44,"minecraft:cooked_chicken":2,"minecraft:cooked_mutton":12,"minecraft:flint_and_steel":1,"minecraft:iron_boots":2,"minecraft:polished_deepslate":320,"minecraft:iron_axe":1,"minecraft:ladder":15,"immersive_aircraft:hull":1,"minecraft:stone_pickaxe":9,"minecraft:chest":3,"minecraft:birch_door":3,"alexsmobs:cooked_catfish":1,"minecraft:golden_helmet":1,"minecraft:golden_axe":1,"iceandfire:silver_ingot":16,"minecraft:cooked_porkchop":5,"minecraft:crafting_table":3,"minecraft:spruce_planks":132,"minecraft:iron_helmet":1,"minecraft:wooden_pickaxe":2,"minecraft:iron_sword":2,"minecraft:cooked_salmon":12,"minecraft:bucket":1,"minecraft:birch_planks":80,"minecraft:campfire":1,"minecraft:stone_axe":1,"minecraft:air":0,"biomesoplenty:fir_planks":60,"iceandfire:bestiary":2,"minecraft:iron_chestplate":2,"minecraft:diamond_pickaxe":1,"minecraft:shield":1,"minecraft:stick":84,"minecraft:iron_ingot":127,"minecraft:iron_pickaxe":5,"minecraft:wooden_axe":2,"minecraft:iron_leggings":3,"minecraft:gold_ingot":17,"minecraft:torch":12,"iceandfire:silver_pickaxe":1,"minecraft:deepslate_bricks":320},"minecraft:dropped":{"minecraft:soul_sand":1,"alexsmobs:banana_slug_slime":1,"minecraft:lead":1,"minecraft:cobblestone":2,"minecraft:leather":3,"minecraft:granite":10,"biomesoplenty:fir_sapling":5,"minecraft:dirt":19,"minecraft:diorite":34,"minecraft:torch":1,"minecraft:wooden_axe":1,"minecraft:snowball":14,"gravestone:obituary":22,"minecraft:smooth_stone":1,"minecraft:string":4,"minecraft:white_wool":10,"minecraft:spruce_sapling":1,"minecraft:bone":1,"biomesoplenty:toadstool":8,"minecraft:smooth_stone_slab":1,"minecraft:cobbled_deepslate":151,"alexsmobs:animal_dictionary":2,"minecraft:tuff":33,"minecraft:rotten_flesh":6,"minecraft:chainmail_chestplate":1,"minecraft:rabbit_hide":1,"minecraft:skeleton_skull":1,"minecraft:andesite":45,"minecraft:oak_sapling":2,"minecraft:redstone_torch":1,"minecraft:arrow":9,"minecraft:wooden_pickaxe":1,"minecraft:netherrack":62},"minecraft:killed":{"alexsmobs:lobster":1,"alexsmobs:raccoon":2,"alexsmobs:sugar_glider":1,"minecraft:skeleton":6,"minecraft:horse":2,"alexsmobs:banana_slug":1,"minecraft:chicken":2,"alexsmobs:bison":1,"minecraft:silverfish":2,"alexsmobs:soul_vulture":1,"minecraft:drowned":1,"minecraft:pig":1,"minecraft:salmon":13,"minecraft:rabbit":1,"minecraft:sheep":11,"alexsmobs:catfish":1,"minecraft:zombie":7,"iceandfire:ghost":5,"alexsmobs:terrapin":1,"alexsmobs:fly":2,"alexsmobs:crow":1,"minecraft:cow":1},"minecraft:used":{"minecraft:beetroot":2,"iceandfire:silver_sword":21,"minecraft:flint_and_steel":2,"minecraft:polished_deepslate":2,"minecraft:ladder":7,"minecraft:chest":4,"minecraft:shield":41,"minecraft:cooked_salmon":12,"minecraft:iron_sword":86,"minecraft:cooked_chicken":2,"minecraft:rotten_flesh":1,"minecraft:netherrack":3,"minecraft:iron_chestplate":1,"minecraft:torch":30,"minecraft:dirt":72,"minecraft:allium":1,"minecraft:obsidian":12,"minecraft:birch_door":3,"minecraft:wooden_axe":26,"minecraft:iron_axe":51,"iceandfire:ghost_chest":1,"minecraft:iron_helmet":1,"minecraft:iron_boots":1,"minecraft:magma_block":8,"minecraft:beef":3,"minecraft:soul_soil":5,"minecraft:furnace":4,"minecraft:beetroot_seeds":7,"minecraft:golden_axe":32,"minecraft:cobbled_deepslate":18,"minecraft:iron_leggings":1,"minecraft:cooked_mutton":13,"alexsmobs:cooked_catfish":1,"minecraft:water_bucket":25,"minecraft:diorite":3,"minecraft:rabbit":1,"minecraft:baked_potato":2,"minecraft:birch_planks":20,"minecraft:stone_pickaxe":1081,"minecraft:wooden_pickaxe":87,"biomesoplenty:fir_planks":32,"minecraft:blue_bed":1,"minecraft:cracked_stone_bricks":4,"minecraft:salmon":1,"minecraft:blast_furnace":6,"minecraft:red_bed":2,"minecraft:crafting_table":14,"minecraft:campfire":1,"minecraft:smoker":3,"minecraft:redstone_torch":1,"iceandfire:silver_pickaxe":738,"minecraft:diamond_pickaxe":19,"minecraft:chiseled_stone_bricks":1,"minecraft:iron_pickaxe":519,"biomesoplenty:toadstool":4,"minecraft:stone_axe":74,"minecraft:golden_helmet":1,"minecraft:cobblestone":205,"minecraft:porkchop":2,"minecraft:cooked_porkchop":1,"minecraft:andesite":25,"minecraft:bucket":26,"minecraft:coarse_dirt":1,"alexsmobs:animal_dictionary":2}},"DataVersion":3465}