{"stats":{"minecraft:mined":{"minecraft:obsidian":17,"minecraft:granite":30,"minecraft:grass_block":60,"minecraft:soul_soil":9,"minecraft:spawner":3,"minecraft:smooth_stone":1,"minecraft:magma_block":9,"minecraft:glowstone":2,"minecraft:iron_ore":97,"minecraft:fire":8,"minecraft:deepslate_lapis_ore":1,"minecraft:deepslate_redstone_ore":5,"minecraft:brown_mushroom":1,"minecraft:red_bed":8,"minecraft:soul_fire":2,"minecraft:smoker":4,"minecraft:torch":10,"twilightforest:torchberry_plant":1,"minecraft:blast_furnace":6,"minecraft:chest":1,"twilightforest:twilight_oak_log":92,"minecraft:nether_quartz_ore":27,"minecraft:cobblestone":58,"minecraft:wall_torch":14,"minecraft:deepslate_copper_ore":1,"minecraft:skeleton_skull":1,"minecraft:chain":1,"minecraft:birch_log":20,"minecraft:lilac":1,"minecraft:birch_door":1,"biomesoplenty:fir_log":66,"minecraft:wither_rose":2,"minecraft:stone_brick_stairs":1,"minecraft:smooth_stone_slab":1,"minecraft:grass":30,"minecraft:oak_log":17,"minecraft:beetroots":3,"minecraft:dirt":100,"minecraft:stonecutter":1,"minecraft:netherrack":124,"minecraft:ancient_debris":1,"minecraft:oak_leaves":44,"minecraft:deepslate":690,"biomesoplenty:reed":1,"minecraft:diamond_ore":6,"minecraft:tuff":66,"iceandfire:silver_ore":16,"minecraft:mossy_cobblestone":1,"minecraft:deepslate_diamond_ore":32,"minecraft:glow_lichen":1,"gravestone:gravestone":35,"minecraft:ladder":1,"biomesoplenty:bush":1,"minecraft:allium":1,"minecraft:spruce_leaves":3,"twilightforest:mushgloom":1,"minecraft:redstone_ore":5,"minecraft:furnace":5,"biomesoplenty:toadstool":4,"minecraft:andesite":125,"twilightforest:twilight_oak_leaves":6,"minecraft:polished_deepslate":2,"biomesoplenty:high_grass":1,"minecraft:deepslate_iron_ore":30,"minecraft:vine":6,"minecraft:stone":1167,"minecraft:redstone_wall_torch":1,"twilightforest:root_strand":3,"minecraft:soul_sand":1,"minecraft:dandelion":1,"minecraft:crafting_table":12,"biomesoplenty:fir_planks":2,"biomesoplenty:high_grass_plant":1,"minecraft:copper_ore":9,"minecraft:lapis_ore":10,"minecraft:deepslate_gold_ore":8,"twilightforest:mayapple":1,"minecraft:diorite":36,"minecraft:blue_bed":2,"minecraft:coarse_dirt":4,"minecraft:stripped_spruce_wood":8,"biomesoplenty:fir_fence":1,"minecraft:ice":1,"minecraft:spruce_log":26,"minecraft:birch_leaves":30,"minecraft:coal_ore":112,"biomesoplenty:fir_leaves":25,"minecraft:cracked_stone_bricks":3,"minecraft:stone_bricks":2,"minecraft:gold_ore":9,"minecraft:fern":3},"minecraft:broken":{"iceandfire:silver_pickaxe":2,"minecraft:stone_pickaxe":8,"minecraft:wooden_axe":1,"minecraft:wooden_pickaxe":1,"minecraft:golden_axe":1,"minecraft:iron_pickaxe":1},"minecraft:picked_up":{"minecraft:wooden_axe":1,"minecraft:iron_chestplate":2,"minecraft:birch_door":1,"minecraft:wheat":11,"minecraft:lead":2,"minecraft:wither_rose":4,"minecraft:polished_deepslate":2,"minecraft:string":62,"minecraft:raw_copper":54,"minecraft:soul_soil":5,"minecraft:smooth_stone_slab":1,"minecraft:beetroot":3,"minecraft:cobbled_deepslate":524,"minecraft:gold_nugget":1,"minecraft:smooth_stone":2,"biomesoplenty:fir_planks":31,"minecraft:spruce_planks":18,"minecraft:white_tulip":2,"minecraft:redstone_torch":3,"minecraft:iron_pickaxe":2,"minecraft:furnace":10,"minecraft:iron_boots":3,"minecraft:stick":15,"minecraft:torch":38,"minecraft:porkchop":7,"minecraft:diorite":37,"fantasyfurniture:furniture_station":1,"minecraft:rotten_flesh":40,"minecraft:obsidian":17,"minecraft:snowball":14,"minecraft:cobblestone":1319,"paraglider:paraglider":1,"minecraft:birch_log":20,"minecraft:magma_block":9,"minecraft:cooked_beef":4,"twilightforest:twilight_oak_log":64,"minecraft:andesite":71,"minecraft:smoker":5,"biomesoplenty:fir_sapling":5,"biomesoplenty:fir_log":63,"alexsmobs:bison_fur":1,"paraglider:spirit_orb":2,"minecraft:flint":5,"minecraft:tuff":33,"minecraft:stripped_spruce_wood":9,"minecraft:lapis_lazuli":124,"minecraft:dirt":235,"minecraft:bone":32,"minecraft:stonecutter":1,"minecraft:wheat_seeds":4,"minecraft:raw_gold":17,"minecraft:bell":2,"minecraft:rabbit":1,"minecraft:glowstone_dust":2,"biomesoplenty:toadstool":12,"twilightforest:mushgloom":1,"twilightforest:canopy_log":1,"biomesoplenty:fir_fence":2,"minecraft:ink_sac":1,"minecraft:mossy_cobblestone":1,"alexsmobs:animal_dictionary":2,"twilightforest:twilight_oak_sapling":8,"minecraft:diamond":46,"minecraft:granite":24,"minecraft:bone_meal":1,"minecraft:emerald":3,"alexsmobs:banana_slug_slime":1,"minecraft:oak_sapling":2,"born_in_chaos_v1:rotten_fish":6,"minecraft:light_gray_carpet":6,"minecraft:netherrack":65,"twilightforest:torchberries":5,"iceandfire:raw_silver":16,"minecraft:coarse_dirt":4,"minecraft:crafting_table":12,"minecraft:allium":2,"minecraft:chicken":2,"minecraft:ladder":1,"minecraft:leather_leggings":1,"minecraft:brown_mushroom":1,"minecraft:wooden_pickaxe":3,"minecraft:chain":1,"gravestone:obituary":22,"minecraft:cornflower":5,"minecraft:red_bed":9,"born_in_chaos_v1:intoxicating_decoction":1,"minecraft:compass":1,"minecraft:white_carpet":9,"minecraft:cracked_stone_bricks":4,"minecraft:beef":20,"minecraft:player_head":1,"minecraft:poppy":4,"minecraft:spruce_slab":1,"minecraft:chest":1,"minecraft:birch_sapling":2,"minecraft:egg":1,"minecraft:raw_iron":128,"minecraft:arrow":12,"minecraft:beetroot_seeds":7,"minecraft:mutton":19,"minecraft:skeleton_skull":1,"minecraft:white_wool":10,"minecraft:oxeye_daisy":5,"born_in_chaos_v1:corpse_maggot":2,"minecraft:salmon":13,"minecraft:leather":10,"minecraft:oak_log":17,"minecraft:chainmail_chestplate":1,"minecraft:ancient_debris":1,"minecraft:blue_bed":3,"twilightforest:twilight_oak_planks":7,"minecraft:cooked_mutton":5,"twilightforest:raw_venison":4,"minecraft:rabbit_hide":2,"minecraft:stone_pickaxe":1,"minecraft:glass_bottle":1,"minecraft:soul_sand":1,"minecraft:chiseled_stone_bricks":1,"minecraft:quartz":25,"minecraft:blast_furnace":6,"minecraft:spruce_sapling":1,"minecraft:spruce_log":24,"minecraft:spider_eye":9,"alexsmobs:raw_catfish":1,"iceandfire:silver_pickaxe":1,"iceandfire:silver_sword":2,"minecraft:baked_potato":2,"minecraft:coal":167},"minecraft:killed_by":{"alexsmobs:crocodile":1,"twilightforest:redcap_sapper":1,"minecraft:cave_spider":1,"minecraft:zombie":8,"minecraft:player":2,"twilightforest:swarm_spider":2,"minecraft:spider":2,"minecraft:skeleton":3,"iceandfire:ghost":3,"twilightforest:redcap":3},"minecraft:custom":{"minecraft:interact_with_crafting_table":57,"minecraft:leave_game":12,"minecraft:time_since_death":1003,"minecraft:sprint_one_cm":1108553,"minecraft:damage_blocked_by_shield":1724,"minecraft:drop":238,"minecraft:talked_to_villager":1,"minecraft:play_time":486472,"minecraft:deaths":52,"minecraft:jump":7785,"minecraft:walk_on_water_one_cm":104812,"minecraft:interact_with_furnace":27,"twilightforest:uncrafting_table_interactions":1,"minecraft:sleep_in_bed":8,"minecraft:damage_dealt":23473,"minecraft:player_kills":5,"minecraft:crouch_one_cm":26460,"minecraft:interact_with_smoker":26,"minecraft:mob_kills":150,"minecraft:interact_with_campfire":4,"minecraft:damage_dealt_resisted":183,"minecraft:climb_one_cm":8765,"minecraft:walk_one_cm":991055,"minecraft:sneak_time":8784,"minecraft:walk_under_water_one_cm":85218,"minecraft:interact_with_blast_furnace":59,"minecraft:total_world_time":486472,"minecraft:time_since_rest":4809,"minecraft:damage_taken":16074,"minecraft:trigger_trapped_chest":3,"minecraft:swim_one_cm":176091,"minecraft:fly_one_cm":6600471,"minecraft:open_chest":94,"minecraft:fall_one_cm":222343},"minecraft:used":{"minecraft:beetroot":2,"minecraft:polished_deepslate":2,"minecraft:ladder":7,"minecraft:poppy":4,"minecraft:chest":4,"minecraft:shield":89,"minecraft:iron_sword":115,"minecraft:rotten_flesh":1,"minecraft:iron_chestplate":2,"minecraft:mutton":1,"minecraft:allium":1,"minecraft:obsidian":12,"minecraft:birch_sapling":2,"iceandfire:ghost_chest":1,"minecraft:iron_helmet":1,"minecraft:magma_block":8,"minecraft:furnace":5,"minecraft:beetroot_seeds":7,"minecraft:egg":1,"minecraft:diorite":3,"minecraft:oak_planks":8,"minecraft:stone_pickaxe":1081,"minecraft:wooden_pickaxe":95,"biomesoplenty:fir_planks":108,"minecraft:blue_bed":1,"minecraft:blast_furnace":6,"iceandfire:silver_pickaxe":738,"minecraft:redstone_torch":1,"minecraft:string":3,"twilightforest:mushgloom":1,"minecraft:golden_helmet":1,"minecraft:diamond_sword":5,"minecraft:andesite":25,"twilightforest:twilight_oak_log":2,"minecraft:chain":1,"minecraft:coarse_dirt":1,"minecraft:stone_sword":36,"iceandfire:silver_sword":235,"minecraft:flint_and_steel":11,"born_in_chaos_v1:smoked_fish":4,"minecraft:cooked_salmon":12,"minecraft:cooked_chicken":2,"minecraft:netherrack":3,"minecraft:torch":65,"minecraft:dirt":119,"minecraft:birch_door":4,"minecraft:wooden_axe":26,"minecraft:iron_axe":169,"minecraft:iron_boots":3,"minecraft:beef":3,"minecraft:soul_soil":5,"minecraft:cooked_beef":20,"minecraft:cobbled_deepslate":18,"minecraft:golden_axe":32,"minecraft:iron_leggings":2,"minecraft:cooked_mutton":13,"alexsmobs:cooked_catfish":1,"minecraft:water_bucket":25,"minecraft:rabbit":1,"minecraft:birch_planks":20,"minecraft:baked_potato":2,"minecraft:cracked_stone_bricks":4,"minecraft:salmon":1,"twilightforest:twilight_oak_sapling":4,"minecraft:crafting_table":20,"minecraft:red_bed":8,"minecraft:spider_eye":1,"minecraft:campfire":1,"minecraft:smoker":5,"minecraft:diamond_pickaxe":24,"minecraft:cornflower":5,"minecraft:oxeye_daisy":5,"minecraft:iron_pickaxe":810,"biomesoplenty:toadstool":4,"fantasyfurniture:furniture_station":1,"minecraft:chiseled_stone_bricks":1,"minecraft:stone_axe":74,"minecraft:cobblestone":359,"minecraft:porkchop":2,"minecraft:cooked_porkchop":1,"minecraft:bucket":26,"alexsmobs:animal_dictionary":2},"minecraft:crafted":{"minecraft:oak_planks":44,"minecraft:cooked_chicken":2,"minecraft:cooked_mutton":12,"twilightforest:cooked_venison":4,"minecraft:iron_boots":2,"immersive_aircraft:hull":1,"minecraft:chest":3,"minecraft:birch_door":3,"alexsmobs:cooked_catfish":1,"minecraft:smoker":2,"minecraft:golden_axe":1,"minecraft:cooked_porkchop":5,"born_in_chaos_v1:smoked_fish":6,"minecraft:crafting_table":10,"minecraft:spruce_planks":132,"minecraft:wooden_pickaxe":3,"minecraft:iron_helmet":1,"minecraft:birch_planks":80,"minecraft:campfire":1,"biomesoplenty:fir_planks":136,"minecraft:iron_chestplate":2,"minecraft:diamond_pickaxe":1,"minecraft:shield":2,"minecraft:stick":92,"minecraft:iron_pickaxe":7,"minecraft:iron_ingot":127,"minecraft:stone_sword":2,"minecraft:gold_ingot":17,"minecraft:deepslate_bricks":320,"minecraft:furnace":2,"minecraft:flint_and_steel":1,"minecraft:polished_deepslate":320,"twilightforest:twilight_oak_planks":20,"minecraft:iron_axe":1,"minecraft:ladder":15,"minecraft:stone_pickaxe":9,"minecraft:golden_helmet":1,"minecraft:cooked_beef":16,"iceandfire:silver_ingot":16,"minecraft:iron_sword":2,"minecraft:cooked_salmon":12,"minecraft:bucket":1,"minecraft:stone_axe":1,"minecraft:air":0,"iceandfire:bestiary":2,"minecraft:wooden_axe":2,"minecraft:iron_leggings":3,"iceandfire:silver_pickaxe":1,"minecraft:torch":52},"minecraft:killed":{"alexsmobs:lobster":1,"minecraft:cave_spider":1,"minecraft:spider":1,"minecraft:skeleton":8,"alexsmobs:banana_slug":1,"minecraft:chicken":2,"minecraft:silverfish":2,"twilightforest:slime_beetle":1,"minecraft:pig":1,"minecraft:salmon":13,"twilightforest:skeleton_druid":2,"minecraft:sheep":11,"twilightforest:redcap":8,"minecraft:zombie":24,"alexsmobs:terrapin":1,"alexsmobs:fly":2,"minecraft:cow":1,"twilightforest:deer":2,"alexsmobs:raccoon":2,"alexsmobs:tasmanian_devil":1,"twilightforest:dwarf_rabbit":1,"alexsmobs:sugar_glider":1,"born_in_chaos_v1:maggot":2,"minecraft:horse":2,"twilightforest:swarm_spider":27,"twilightforest:hedge_spider":1,"born_in_chaos_v1:corpse_fish":4,"alexsmobs:bison":1,"alexsmobs:soul_vulture":1,"minecraft:drowned":1,"twilightforest:helmet_crab":1,"born_in_chaos_v1:baby_skeleton":1,"minecraft:rabbit":1,"twilightforest:kobold":8,"alexsmobs:catfish":1,"iceandfire:ghost":5,"alexsmobs:crow":1},"minecraft:dropped":{"minecraft:soul_sand":1,"alexsmobs:banana_slug_slime":1,"minecraft:baked_potato":2,"iceandfire:silver_axe":1,"minecraft:diamond":3,"minecraft:leather":7,"iceandfire:ectoplasm":1,"alexsmobs:bison_fur":1,"biomesoplenty:fir_sapling":5,"minecraft:dirt":80,"minecraft:snowball":14,"gravestone:obituary":55,"minecraft:gold_nugget":4,"minecraft:iron_pickaxe":1,"minecraft:purple_wool":1,"iceandfire:armor_silver_metal_helmet":1,"minecraft:white_wool":10,"minecraft:bone":34,"minecraft:white_tulip":2,"biomesoplenty:toadstool":8,"alexsmobs:animal_dictionary":2,"minecraft:cobbled_deepslate":151,"minecraft:wheat":6,"minecraft:rotten_flesh":28,"iceandfire:silver_shovel":1,"twilightforest:torchberries":3,"minecraft:carrot":8,"minecraft:chainmail_chestplate":1,"minecraft:rabbit_hide":1,"minecraft:skeleton_skull":1,"born_in_chaos_v1:corpse_maggot":1,"minecraft:leather_leggings":1,"minecraft:arrow":15,"minecraft:netherrack":62,"minecraft:water_bucket":1,"minecraft:wheat_seeds":2,"minecraft:golden_helmet":1,"minecraft:cobblestone":49,"minecraft:lead":1,"minecraft:granite":10,"twilightforest:twilight_oak_sapling":4,"twilightforest:canopy_log":1,"minecraft:coal":17,"minecraft:stick":1,"minecraft:diorite":34,"minecraft:ink_sac":1,"minecraft:torch":2,"iceandfire:silver_sword":1,"minecraft:wooden_axe":1,"twilightforest:twilight_oak_planks":7,"iceandfire:armor_silver_metal_chestplate":1,"minecraft:wither_rose":2,"minecraft:raw_iron_block":1,"minecraft:smooth_stone":1,"minecraft:string":40,"minecraft:spruce_sapling":1,"minecraft:player_head":1,"minecraft:smooth_stone_slab":1,"minecraft:tuff":33,"minecraft:raw_iron":37,"minecraft:iron_boots":1,"minecraft:diamond_sword":1,"minecraft:shield":2,"minecraft:spruce_planks":22,"minecraft:iron_chestplate":1,"minecraft:diamond_pickaxe":1,"minecraft:andesite":46,"minecraft:oak_sapling":2,"minecraft:redstone_torch":1,"minecraft:spider_eye":5,"sophisticatedbackpacks:copper_backpack":1,"minecraft:bow":1,"minecraft:wooden_pickaxe":3,"minecraft:magma_block":1}},"DataVersion":3465}