{"stats":{"minecraft:crafted":{"minecraft:oak_planks":44,"minecraft:cooked_mutton":3,"minecraft:iron_boots":2,"minecraft:chest":4,"alexsmobs:cooked_catfish":2,"minecraft:cooked_rabbit":6,"minecraft:wooden_shovel":1,"minecraft:cooked_porkchop":26,"minecraft:crafting_table":3,"minecraft:spruce_planks":312,"minecraft:wooden_pickaxe":1,"minecraft:baked_potato":18,"minecraft:iron_helmet":1,"minecraft:iron_chestplate":2,"minecraft:diamond_pickaxe":2,"minecraft:shield":1,"minecraft:stick":84,"minecraft:iron_pickaxe":2,"minecraft:iron_ingot":53,"minecraft:stone_sword":1,"minecraft:gold_ingot":28,"minecraft:redstone_torch":25,"minecraft:wooden_sword":1,"minecraft:furnace":2,"minecraft:flint_and_steel":1,"minecraft:iron_axe":1,"minecraft:spruce_slab":6,"minecraft:stone_pickaxe":1,"minecraft:minecart":2,"minecraft:wheat":9,"minecraft:diamond_sword":1,"iceandfire:silver_ingot":16,"minecraft:powered_rail":42,"minecraft:iron_sword":1,"minecraft:bucket":2,"minecraft:stone_axe":1,"iceandfire:armor_silver_metal_helmet":1,"minecraft:wooden_axe":1,"minecraft:iron_leggings":2,"minecraft:torch":88},"minecraft:dropped":{"minecraft:porkchop":2,"minecraft:baked_potato":6,"minecraft:iron_horse_armor":1,"iceandfire:armor_silver_metal_leggings":1,"gravestone:obituary":21,"minecraft:wooden_sword":1,"minecraft:iron_pickaxe":1,"iceandfire:armor_silver_metal_helmet":1,"minecraft:oak_planks":2,"minecraft:arrow":9,"minecraft:beef":6,"minecraft:water_bucket":1,"minecraft:iron_ingot":35,"minecraft:wooden_axe":1,"iceandfire:armor_silver_metal_chestplate":2,"minecraft:iron_axe":1,"minecraft:spruce_sapling":1,"minecraft:diamond_pickaxe":1,"minecraft:spruce_log":1},"minecraft:picked_up":{"minecraft:wooden_axe":1,"iceandfire:dread_stone_bricks":1,"minecraft:amethyst_block":179,"iceandfire:armor_silver_metal_chestplate":1,"minecraft:string":128,"minecraft:soul_soil":4,"minecraft:activator_rail":20,"minecraft:gold_nugget":134,"minecraft:cobbled_deepslate":98,"biomesoplenty:fir_planks":1,"minecraft:spruce_planks":19,"minecraft:redstone_torch":27,"minecraft:calcite":22,"alexsmobs:raccoon_tail":1,"iceandfire:frozen_gravel":18,"minecraft:tipped_arrow":5,"minecraft:stick":5,"minecraft:oak_fence":8,"minecraft:torch":27,"minecraft:porkchop":28,"minecraft:diorite":3,"minecraft:rotten_flesh":53,"minecraft:obsidian":13,"minecraft:snowball":126,"minecraft:cobblestone":237,"minecraft:magma_block":7,"iceandfire:sapphire_gem":2,"minecraft:leather_chestplate":1,"minecraft:lilac":8,"minecraft:magma_cream":5,"minecraft:andesite":9,"alexsmobs:bison_fur":4,"biomesoplenty:fir_sapling":1,"minecraft:flint":5,"minecraft:tuff":22,"minecraft:dirt":111,"minecraft:lapis_lazuli":98,"minecraft:leather_boots":1,"minecraft:bone":29,"minecraft:wheat_seeds":4,"minecraft:raw_gold":68,"minecraft:rabbit":6,"minecraft:powered_rail":20,"minecraft:oak_planks":10,"iceandfire:podium_spruce":1,"minecraft:stripped_spruce_log":11,"iceandfire:frozen_dirt":11,"minecraft:diamond":10,"iceandfire:lectern":1,"iceandfire:dread_stone_bricks_mossy":1,"iceandfire:dragon_ice":4,"minecraft:granite":3,"alexsmobs:maggot":3,"minecraft:netherrack":67,"iceandfire:silver_nugget":8,"iceandfire:raw_silver":12,"minecraft:crafting_table":1,"minecraft:chest_minecart":3,"iceandfire:frozen_cobblestone":21,"gravestone:obituary":3,"iceandfire:frozen_grass":2,"iceandfire:frozen_stone":12,"minecraft:wooden_sword":1,"minecraft:blackstone":2,"iceandfire:bestiary":1,"minecraft:beef":23,"iceandfire:armor_silver_metal_leggings":1,"iceandfire:dread_shard":2,"minecraft:poppy":1,"minecraft:minecart":20,"minecraft:sugar_cane":3,"minecraft:raw_iron":88,"alexsmobs:straddlite":1,"minecraft:redstone":207,"minecraft:iron_horse_armor":1,"minecraft:arrow":27,"minecraft:hay_block":1,"minecraft:white_wool":2,"minecraft:rail":136,"minecraft:mutton":3,"minecraft:bone_block":1,"minecraft:basalt":26,"minecraft:salmon":1,"minecraft:oak_log":11,"iceandfire:dread_stone_bricks_cracked":2,"minecraft:gunpowder":4,"minecraft:blue_bed":2,"minecraft:rabbit_hide":6,"minecraft:iron_ingot":24,"minecraft:soul_sand":22,"minecraft:smooth_basalt":2,"minecraft:quartz":43,"minecraft:gravel":29,"minecraft:amethyst_shard":40,"minecraft:spruce_sapling":6,"minecraft:white_bed":4,"minecraft:spruce_log":72,"minecraft:spruce_door":1,"minecraft:spider_eye":11,"alexsmobs:raw_catfish":2,"minecraft:baked_potato":4,"minecraft:coal":103,"minecraft:ender_pearl":1,"minecraft:sunflower":11},"minecraft:custom":{"minecraft:interact_with_crafting_table":59,"minecraft:open_barrel":3,"minecraft:bell_ring":3,"minecraft:leave_game":5,"minecraft:time_since_death":5095,"minecraft:sprint_one_cm":1492853,"minecraft:damage_blocked_by_shield":2012,"minecraft:drop":44,"minecraft:talked_to_villager":1,"minecraft:play_time":461894,"minecraft:deaths":42,"minecraft:jump":7390,"minecraft:walk_on_water_one_cm":66300,"minecraft:interact_with_furnace":65,"minecraft:sleep_in_bed":11,"minecraft:damage_dealt":33991,"minecraft:player_kills":1,"minecraft:crouch_one_cm":28620,"minecraft:mob_kills":236,"minecraft:climb_one_cm":221,"minecraft:walk_one_cm":1380723,"minecraft:sneak_time":10245,"minecraft:walk_under_water_one_cm":8120,"minecraft:total_world_time":461894,"minecraft:interact_with_grindstone":1,"minecraft:time_since_rest":35,"minecraft:damage_taken":15863,"minecraft:damage_absorbed":40,"minecraft:trigger_trapped_chest":1,"minecraft:minecart_one_cm":199683,"minecraft:swim_one_cm":73155,"minecraft:fly_one_cm":1312211,"minecraft:open_chest":167,"minecraft:fall_one_cm":215674},"minecraft:mined":{"minecraft:large_amethyst_bud":1,"minecraft:spruce_planks":10,"minecraft:white_bed":3,"minecraft:obsidian":11,"minecraft:granite":5,"minecraft:budding_amethyst":17,"minecraft:grass_block":37,"iceandfire:lectern":1,"minecraft:soul_soil":4,"minecraft:tall_seagrass":1,"minecraft:magma_block":8,"minecraft:iron_ore":41,"minecraft:cobbled_deepslate":6,"minecraft:fire":2,"minecraft:fletching_table":1,"minecraft:deepslate_lapis_ore":14,"minecraft:dirt_path":1,"minecraft:small_amethyst_bud":1,"iceandfire:dread_stone_bricks_cracked":2,"minecraft:deepslate_redstone_ore":47,"minecraft:blackstone":2,"minecraft:amethyst_cluster":7,"minecraft:powder_snow":180,"minecraft:torch":14,"minecraft:calcite":22,"minecraft:poppy":1,"iceandfire:frozen_dirt":12,"iceandfire:sapphire_ore":2,"minecraft:nether_quartz_ore":43,"minecraft:cobblestone":30,"minecraft:sugar_cane":2,"minecraft:oak_planks":4,"minecraft:wall_torch":6,"minecraft:amethyst_block":179,"minecraft:powered_rail":19,"minecraft:lilac":9,"minecraft:activator_rail":19,"minecraft:grass":13,"iceandfire:dread_stone_bricks_mossy":1,"minecraft:oak_log":11,"minecraft:dirt":57,"minecraft:smooth_basalt":2,"minecraft:netherrack":70,"minecraft:oak_leaves":4,"iceandfire:dread_stone_bricks":1,"minecraft:deepslate":77,"minecraft:nether_gold_ore":29,"minecraft:tuff":11,"iceandfire:silver_ore":6,"minecraft:deepslate_diamond_ore":10,"iceandfire:frozen_cobblestone":21,"gravestone:gravestone":36,"biomesoplenty:bush":1,"iceandfire:frozen_stone":2,"iceandfire:frozen_grass":3,"iceandfire:deepslate_silver_ore":6,"minecraft:spruce_leaves":28,"iceandfire:dragon_ice":3,"biomesoplenty:dead_grass":3,"biomesoplenty:tundra_shrub":1,"minecraft:hay_block":1,"minecraft:snow":7,"minecraft:andesite":10,"minecraft:stripped_spruce_log":2,"biomesoplenty:high_grass":4,"minecraft:deepslate_iron_ore":47,"minecraft:rail":88,"minecraft:stone":209,"iceandfire:podium_spruce":1,"minecraft:redstone_wall_torch":2,"minecraft:soul_sand":15,"minecraft:basalt":24,"iceandfire:frozen_gravel":2,"minecraft:oak_fence":3,"minecraft:crafting_table":1,"biomesoplenty:high_grass_plant":5,"minecraft:tall_grass":5,"minecraft:copper_ore":1,"minecraft:lapis_ore":1,"biomesoplenty:sprout":1,"minecraft:deepslate_gold_ore":68,"minecraft:diorite":2,"minecraft:blue_bed":1,"minecraft:stripped_spruce_wood":1,"minecraft:redstone_torch":25,"minecraft:spruce_log":74,"minecraft:coal_ore":106,"biomesoplenty:fir_leaves":1,"minecraft:sunflower":11,"minecraft:gravel":27,"minecraft:cobweb":103,"minecraft:fern":1},"minecraft:broken":{"minecraft:wooden_shovel":1,"minecraft:iron_boots":2,"minecraft:iron_chestplate":1,"minecraft:iron_leggings":1,"minecraft:stone_pickaxe":1,"minecraft:wooden_sword":1,"minecraft:stone_axe":1,"minecraft:iron_sword":1,"minecraft:wooden_axe":1,"minecraft:stone_sword":1,"minecraft:wooden_pickaxe":1,"minecraft:iron_pickaxe":2,"minecraft:iron_helmet":2},"minecraft:used":{"minecraft:spruce_slab":3,"minecraft:chest":4,"minecraft:shield":51,"minecraft:iron_sword":226,"minecraft:rotten_flesh":18,"minecraft:soul_sand":10,"iceandfire:frozen_stone":10,"minecraft:tuff":11,"minecraft:snowball":60,"minecraft:obsidian":10,"minecraft:lava_bucket":2,"minecraft:magma_block":7,"minecraft:furnace":2,"minecraft:potato":1,"iceandfire:frozen_cobblestone":20,"minecraft:diorite":3,"minecraft:spruce_door":1,"minecraft:powered_rail":62,"minecraft:stone_pickaxe":130,"minecraft:oak_planks":38,"minecraft:wooden_pickaxe":58,"minecraft:blue_bed":2,"minecraft:golden_apple":2,"iceandfire:frozen_dirt":11,"minecraft:redstone_torch":44,"minecraft:bread":32,"minecraft:gravel":14,"minecraft:lilac":1,"minecraft:diamond_sword":382,"minecraft:wooden_sword":55,"minecraft:cooked_rabbit":6,"minecraft:andesite":8,"minecraft:stone_sword":102,"minecraft:flint_and_steel":3,"minecraft:spruce_planks":233,"minecraft:wooden_shovel":56,"minecraft:netherrack":23,"minecraft:torch":142,"minecraft:dirt":85,"minecraft:granite":3,"minecraft:wooden_axe":60,"alexsmobs:maggot":1,"minecraft:iron_axe":76,"iceandfire:dragon_ice":4,"minecraft:smooth_basalt":2,"minecraft:beef":4,"minecraft:soul_soil":4,"minecraft:minecart":22,"minecraft:cobbled_deepslate":38,"minecraft:beetroot_soup":2,"minecraft:cooked_mutton":1,"minecraft:water_bucket":6,"alexsmobs:cooked_catfish":2,"minecraft:baked_potato":16,"minecraft:salmon":1,"minecraft:rail":186,"minecraft:crafting_table":4,"minecraft:white_bed":3,"minecraft:spruce_log":4,"minecraft:diamond_pickaxe":324,"minecraft:activator_rail":20,"minecraft:sunflower":2,"minecraft:iron_pickaxe":692,"minecraft:stone_axe":84,"minecraft:cobblestone":199,"minecraft:cooked_porkchop":26,"minecraft:bucket":10},"minecraft:killed_by":{"alexsmobs:straddler":2,"alexsmobs:tusklin":5,"iceandfire:dread_ghoul":4,"minecraft:cave_spider":1,"iceandfire:ice_dragon":3,"minecraft:zombie":6,"minecraft:stray":2,"minecraft:spider":2,"alexsmobs:bison":1,"minecraft:skeleton":2,"iceandfire:ghost":1},"minecraft:killed":{"minecraft:cave_spider":17,"minecraft:witch":1,"minecraft:spider":11,"minecraft:skeleton":12,"alexsmobs:straddler":4,"minecraft:magma_cube":93,"minecraft:zombie_villager":1,"alexsmobs:stradpole":4,"minecraft:creeper":2,"minecraft:sheep":1,"minecraft:zombie":51,"minecraft:stray":14,"alexsmobs:fly":2,"iceandfire:dread_ghoul":3,"iceandfire:dread_knight":3,"alexsmobs:bison":3,"alexsmobs:tusklin":4,"majruszsdifficulty:cursed_armor":2,"iceandfire:ghost":1,"minecraft:enderman":1}},"DataVersion":3465}