{"stats":{"minecraft:mined":{"minecraft:large_amethyst_bud":1,"minecraft:spruce_planks":12,"minecraft:white_bed":3,"minecraft:obsidian":11,"minecraft:granite":5,"minecraft:budding_amethyst":17,"minecraft:grass_block":56,"iceandfire:lectern":1,"minecraft:soul_soil":4,"minecraft:spawner":1,"minecraft:tall_seagrass":1,"minecraft:raw_iron_block":4,"minecraft:magma_block":8,"minecraft:glowstone":3,"minecraft:iron_ore":133,"minecraft:cobbled_deepslate":6,"minecraft:fire":2,"minecraft:fletching_table":1,"minecraft:deepslate_lapis_ore":14,"minecraft:dirt_path":1,"minecraft:small_amethyst_bud":1,"iceandfire:dread_stone_bricks_cracked":2,"minecraft:deepslate_redstone_ore":47,"minecraft:blackstone":2,"minecraft:amethyst_cluster":7,"minecraft:powder_snow":180,"minecraft:torch":14,"minecraft:calcite":22,"minecraft:poppy":1,"iceandfire:frozen_dirt":12,"iceandfire:sapphire_ore":2,"minecraft:nether_quartz_ore":43,"minecraft:cobblestone":58,"minecraft:sugar_cane":2,"minecraft:oak_planks":16,"minecraft:wall_torch":7,"minecraft:amethyst_block":179,"minecraft:powered_rail":19,"minecraft:lilac":9,"minecraft:activator_rail":19,"twilightforest:root":2,"biomesoplenty:fir_log":147,"minecraft:grass":23,"iceandfire:dread_stone_bricks_mossy":1,"minecraft:oak_log":105,"minecraft:dirt":76,"minecraft:smooth_basalt":2,"minecraft:netherrack":70,"minecraft:oak_leaves":5,"iceandfire:dread_stone_bricks":1,"minecraft:deepslate":77,"minecraft:nether_gold_ore":29,"twilightforest:firefly":1,"minecraft:tuff":11,"iceandfire:silver_ore":6,"minecraft:deepslate_diamond_ore":10,"iceandfire:frozen_cobblestone":21,"gravestone:gravestone":41,"biomesoplenty:bush":1,"iceandfire:frozen_stone":2,"iceandfire:frozen_grass":3,"iceandfire:deepslate_silver_ore":6,"minecraft:spruce_leaves":28,"iceandfire:dragon_ice":3,"biomesoplenty:dead_grass":3,"biomesoplenty:tundra_shrub":1,"minecraft:hay_block":1,"minecraft:redstone_ore":5,"minecraft:snow":7,"minecraft:andesite":10,"minecraft:stripped_spruce_log":2,"biomesoplenty:fir_door":11,"biomesoplenty:fir_stairs":1,"biomesoplenty:high_grass":4,"minecraft:deepslate_iron_ore":47,"minecraft:rail":88,"minecraft:stone":308,"iceandfire:podium_spruce":1,"minecraft:redstone_wall_torch":2,"minecraft:soul_sand":15,"minecraft:basalt":24,"iceandfire:frozen_gravel":2,"minecraft:oak_fence":3,"minecraft:crafting_table":2,"biomesoplenty:fir_planks":53,"minecraft:tall_grass":5,"biomesoplenty:high_grass_plant":5,"minecraft:copper_ore":6,"minecraft:lapis_ore":1,"biomesoplenty:sprout":1,"minecraft:deepslate_gold_ore":68,"minecraft:diorite":2,"minecraft:blue_bed":3,"minecraft:stripped_spruce_wood":1,"minecraft:redstone_torch":25,"minecraft:spruce_log":74,"minecraft:coal_ore":171,"biomesoplenty:fir_leaves":4,"minecraft:sunflower":11,"minecraft:gravel":27,"minecraft:cobweb":103,"minecraft:fern":5},"minecraft:broken":{"minecraft:wooden_shovel":1,"minecraft:iron_boots":2,"minecraft:iron_chestplate":1,"minecraft:iron_leggings":2,"minecraft:stone_pickaxe":1,"minecraft:wooden_sword":1,"minecraft:stone_axe":1,"minecraft:iron_sword":1,"minecraft:wooden_axe":1,"minecraft:stone_sword":1,"minecraft:leather_chestplate":1,"minecraft:wooden_pickaxe":1,"minecraft:shield":1,"minecraft:iron_axe":1,"minecraft:iron_pickaxe":2,"minecraft:iron_helmet":2},"minecraft:picked_up":{"minecraft:wooden_axe":1,"iceandfire:dread_stone_bricks":1,"minecraft:iron_chestplate":1,"minecraft:wheat":15,"minecraft:diamond_sword":1,"minecraft:amethyst_block":179,"iceandfire:armor_silver_metal_chestplate":4,"minecraft:raw_copper":8,"minecraft:string":173,"minecraft:soul_soil":4,"minecraft:activator_rail":20,"minecraft:gold_nugget":143,"minecraft:cobbled_deepslate":98,"biomesoplenty:fir_planks":53,"minecraft:spruce_planks":43,"minecraft:redstone_torch":27,"minecraft:calcite":22,"minecraft:iron_pickaxe":1,"alexsmobs:raccoon_tail":1,"iceandfire:frozen_gravel":18,"minecraft:iron_boots":1,"minecraft:tipped_arrow":5,"minecraft:stick":22,"minecraft:oak_fence":8,"minecraft:torch":28,"minecraft:porkchop":30,"minecraft:diorite":3,"minecraft:rotten_flesh":69,"minecraft:obsidian":13,"minecraft:snowball":126,"minecraft:cobblestone":368,"minecraft:magma_block":7,"iceandfire:sapphire_gem":2,"minecraft:leather_chestplate":1,"minecraft:lilac":8,"minecraft:magma_cream":5,"twilightforest:twilight_oak_log":2,"minecraft:andesite":9,"minecraft:potato":1,"alexsmobs:bison_fur":4,"biomesoplenty:fir_sapling":17,"biomesoplenty:fir_log":112,"minecraft:flint":5,"minecraft:tuff":22,"biomesoplenty:fir_stairs":1,"minecraft:lapis_lazuli":98,"minecraft:dirt":161,"minecraft:leather_boots":1,"minecraft:bone":54,"minecraft:bow":2,"minecraft:wheat_seeds":7,"minecraft:raw_gold":68,"minecraft:rabbit":7,"minecraft:glowstone_dust":12,"minecraft:powered_rail":20,"minecraft:oak_planks":22,"iceandfire:podium_spruce":1,"minecraft:stripped_spruce_log":11,"iceandfire:frozen_dirt":11,"minecraft:diamond":12,"iceandfire:lectern":1,"iceandfire:dread_stone_bricks_mossy":1,"iceandfire:dragon_ice":4,"minecraft:granite":3,"alexsmobs:maggot":4,"minecraft:oak_sapling":9,"minecraft:netherrack":67,"twilightforest:torchberries":3,"iceandfire:silver_nugget":8,"iceandfire:raw_silver":12,"minecraft:diamond_pickaxe":1,"minecraft:crafting_table":2,"minecraft:purple_wool":1,"minecraft:chicken":3,"minecraft:chest_minecart":3,"iceandfire:frozen_cobblestone":21,"gravestone:obituary":11,"minecraft:shield":2,"iceandfire:frozen_grass":2,"biomesoplenty:fir_door":11,"iceandfire:frozen_stone":12,"minecraft:wooden_sword":1,"minecraft:blackstone":2,"iceandfire:bestiary":1,"minecraft:beef":23,"iceandfire:armor_silver_metal_leggings":1,"minecraft:player_head":1,"iceandfire:dread_shard":2,"minecraft:poppy":1,"minecraft:minecart":20,"minecraft:sugar_cane":3,"minecraft:egg":1,"minecraft:raw_iron":194,"alexsmobs:straddlite":1,"minecraft:carrot":8,"minecraft:redstone":215,"twilightforest:firefly":1,"minecraft:iron_horse_armor":1,"minecraft:arrow":43,"minecraft:hay_block":1,"minecraft:gold_ingot":1,"sophisticatedbackpacks:copper_backpack":1,"minecraft:white_wool":2,"minecraft:rail":136,"minecraft:mutton":3,"minecraft:bone_block":1,"iceandfire:silver_axe":1,"born_in_chaos_v1:corpse_maggot":5,"minecraft:air":0,"minecraft:basalt":26,"minecraft:salmon":1,"minecraft:leather":3,"iceandfire:silver_shovel":1,"minecraft:oak_log":112,"iceandfire:ectoplasm":2,"iceandfire:dread_stone_bricks_cracked":2,"minecraft:gunpowder":4,"minecraft:blue_bed":4,"twilightforest:raw_venison":2,"iceandfire:armor_silver_metal_helmet":1,"minecraft:rabbit_hide":6,"minecraft:iron_ingot":24,"minecraft:soul_sand":22,"minecraft:smooth_basalt":2,"minecraft:quartz":43,"minecraft:raw_iron_block":3,"minecraft:gravel":29,"minecraft:amethyst_shard":40,"minecraft:spruce_sapling":6,"minecraft:white_bed":4,"minecraft:spruce_log":72,"minecraft:spruce_door":1,"minecraft:spider_eye":16,"alexsmobs:raw_catfish":2,"minecraft:slime_ball":2,"iceandfire:silver_sword":3,"minecraft:baked_potato":6,"minecraft:coal":172,"minecraft:ender_pearl":2,"minecraft:sunflower":11},"minecraft:killed_by":{"alexsmobs:straddler":2,"alexsmobs:tusklin":5,"iceandfire:dread_ghoul":4,"minecraft:cave_spider":1,"iceandfire:ice_dragon":3,"minecraft:zombie":6,"minecraft:stray":2,"minecraft:spider":2,"alexsmobs:bison":1,"minecraft:skeleton":2,"iceandfire:ghost":1},"minecraft:custom":{"minecraft:interact_with_crafting_table":85,"minecraft:open_barrel":3,"minecraft:bell_ring":3,"minecraft:leave_game":7,"minecraft:time_since_death":23258,"minecraft:sprint_one_cm":1817161,"minecraft:damage_blocked_by_shield":2938,"minecraft:drop":87,"minecraft:talked_to_villager":1,"minecraft:play_time":579457,"minecraft:deaths":48,"minecraft:jump":8892,"minecraft:walk_on_water_one_cm":72571,"minecraft:interact_with_furnace":79,"minecraft:sleep_in_bed":13,"minecraft:damage_dealt":45040,"minecraft:player_kills":1,"minecraft:crouch_one_cm":55175,"minecraft:mob_kills":315,"minecraft:damage_dealt_resisted":89,"minecraft:climb_one_cm":221,"minecraft:walk_one_cm":1764313,"minecraft:sneak_time":16362,"minecraft:walk_under_water_one_cm":12569,"minecraft:total_world_time":579457,"minecraft:interact_with_grindstone":1,"minecraft:time_since_rest":23317,"minecraft:damage_taken":19082,"minecraft:damage_absorbed":40,"minecraft:trigger_trapped_chest":1,"minecraft:minecart_one_cm":199683,"minecraft:swim_one_cm":86346,"minecraft:fly_one_cm":4137476,"minecraft:open_chest":238,"minecraft:fall_one_cm":254575},"minecraft:used":{"minecraft:spruce_slab":3,"minecraft:chest":8,"minecraft:shield":87,"minecraft:iron_sword":226,"minecraft:player_head":1,"minecraft:rotten_flesh":18,"minecraft:soul_sand":10,"minecraft:carrot":21,"iceandfire:frozen_stone":10,"minecraft:tuff":14,"minecraft:snowball":60,"minecraft:obsidian":10,"born_in_chaos_v1:corpse_maggot":5,"minecraft:lava_bucket":2,"twilightforest:cooked_venison":2,"twilightforest:twilight_oak_planks":8,"minecraft:magma_block":7,"minecraft:furnace":4,"minecraft:egg":1,"iceandfire:frozen_cobblestone":20,"minecraft:potato":3,"minecraft:diorite":3,"minecraft:spruce_door":1,"minecraft:stone_pickaxe":130,"minecraft:powered_rail":62,"minecraft:oak_planks":394,"minecraft:wooden_pickaxe":58,"biomesoplenty:fir_planks":308,"minecraft:blue_bed":4,"minecraft:golden_apple":2,"iceandfire:frozen_dirt":11,"iceandfire:silver_axe":77,"minecraft:redstone_torch":44,"minecraft:bread":44,"biomesoplenty:fir_stairs":11,"minecraft:gravel":14,"minecraft:lilac":1,"minecraft:diamond_sword":583,"minecraft:wooden_sword":55,"minecraft:cooked_rabbit":7,"minecraft:andesite":8,"minecraft:stone_sword":102,"iceandfire:silver_sword":2,"minecraft:flint_and_steel":3,"minecraft:spruce_planks":233,"minecraft:wooden_shovel":56,"minecraft:cooked_chicken":3,"minecraft:netherrack":23,"minecraft:torch":153,"minecraft:dirt":95,"minecraft:granite":3,"minecraft:wooden_axe":60,"alexsmobs:maggot":1,"minecraft:iron_axe":337,"iceandfire:dragon_ice":4,"minecraft:smooth_basalt":2,"minecraft:beef":4,"minecraft:soul_soil":4,"minecraft:minecart":22,"minecraft:cobbled_deepslate":38,"minecraft:beetroot_soup":2,"minecraft:cooked_mutton":2,"alexsmobs:cooked_catfish":2,"minecraft:water_bucket":6,"minecraft:baked_potato":18,"minecraft:salmon":1,"minecraft:rail":186,"minecraft:crafting_table":6,"minecraft:white_bed":4,"minecraft:spruce_log":4,"minecraft:diamond_pickaxe":538,"minecraft:activator_rail":20,"twilightforest:firefly":1,"minecraft:sunflower":2,"minecraft:iron_pickaxe":786,"minecraft:stone_axe":84,"minecraft:cobblestone":255,"biomesoplenty:fir_door":14,"minecraft:cooked_porkchop":28,"minecraft:bucket":10,"iceandfire:silver_shovel":23},"minecraft:crafted":{"minecraft:oak_planks":392,"minecraft:cooked_chicken":3,"iceandfire:silver_shovel":2,"minecraft:cooked_mutton":3,"twilightforest:cooked_venison":2,"minecraft:iron_boots":3,"minecraft:chest":8,"alexsmobs:cooked_catfish":2,"minecraft:cooked_rabbit":7,"iceandfire:silver_axe":1,"minecraft:wooden_shovel":1,"minecraft:cooked_porkchop":28,"minecraft:crafting_table":4,"minecraft:spruce_planks":312,"minecraft:baked_potato":18,"minecraft:wooden_pickaxe":1,"minecraft:iron_helmet":1,"biomesoplenty:fir_planks":448,"minecraft:iron_chestplate":2,"minecraft:diamond_pickaxe":2,"minecraft:shield":2,"minecraft:stick":84,"minecraft:iron_pickaxe":2,"minecraft:iron_ingot":53,"minecraft:stone_sword":1,"minecraft:gold_ingot":28,"minecraft:redstone_torch":25,"biomesoplenty:fir_door":3,"biomesoplenty:fir_stairs":20,"minecraft:wooden_sword":1,"minecraft:furnace":4,"minecraft:flint_and_steel":1,"twilightforest:twilight_oak_planks":8,"minecraft:iron_axe":2,"minecraft:spruce_slab":6,"minecraft:stone_pickaxe":1,"minecraft:minecart":2,"minecraft:wheat":9,"minecraft:diamond_sword":1,"iceandfire:silver_ingot":16,"minecraft:powered_rail":42,"minecraft:iron_sword":1,"minecraft:bucket":2,"minecraft:stone_axe":1,"minecraft:bread":3,"iceandfire:armor_silver_metal_helmet":1,"minecraft:wooden_axe":1,"minecraft:iron_leggings":2,"minecraft:torch":132},"minecraft:dropped":{"minecraft:porkchop":2,"minecraft:baked_potato":6,"minecraft:ender_pearl":1,"minecraft:chest_minecart":1,"minecraft:iron_horse_armor":1,"minecraft:dirt":8,"iceandfire:armor_silver_metal_leggings":1,"gravestone:obituary":41,"minecraft:wooden_sword":1,"minecraft:iron_pickaxe":1,"iceandfire:armor_silver_metal_helmet":1,"minecraft:bone":2,"minecraft:oak_planks":2,"minecraft:leather_boots":1,"minecraft:arrow":9,"minecraft:beef":6,"minecraft:water_bucket":1,"minecraft:iron_ingot":35,"minecraft:wheat_seeds":1,"minecraft:oak_fence":1,"iceandfire:silver_sword":3,"minecraft:wooden_axe":1,"iceandfire:armor_silver_metal_chestplate":4,"minecraft:iron_axe":1,"minecraft:spruce_sapling":1,"alexsmobs:maggot":1,"minecraft:shield":1,"minecraft:spruce_planks":2,"minecraft:diamond_pickaxe":1,"minecraft:spider_eye":2,"minecraft:spruce_log":1},"minecraft:killed":{"twilightforest:boar":1,"minecraft:cave_spider":17,"minecraft:witch":1,"minecraft:spider":12,"minecraft:skeleton":16,"minecraft:chicken":3,"alexsmobs:straddler":4,"minecraft:magma_cube":93,"minecraft:zombie_villager":1,"alexsmobs:stradpole":4,"minecraft:creeper":2,"twilightforest:skeleton_druid":3,"minecraft:sheep":1,"twilightforest:redcap":2,"minecraft:zombie":69,"born_in_chaos_v1:dread_hound":2,"minecraft:stray":14,"alexsmobs:fly":3,"iceandfire:dread_ghoul":3,"twilightforest:deer":2,"twilightforest:dwarf_rabbit":1,"born_in_chaos_v1:maggot":5,"iceandfire:dread_knight":3,"twilightforest:swarm_spider":20,"alexsmobs:bison":3,"alexsmobs:tusklin":5,"twilightforest:kobold":10,"majruszsdifficulty:cursed_armor":2,"born_in_chaos_v1:decrepit_skeleton":1,"iceandfire:ghost":3,"minecraft:enderman":1}},"DataVersion":3465}