{"stats":{"minecraft:dropped":{"minecraft:iron_sword":2,"fantasyfurniture:furniture_station":1,"minecraft:lapis_lazuli":64,"minecraft:cooked_beef":12,"minecraft:glass_bottle":1,"minecraft:diamond":9,"minecraft:flint":5,"minecraft:emerald":3,"minecraft:dirt":18,"twilightforest:firefly":1,"minecraft:cornflower":6,"minecraft:mutton":2,"gravestone:obituary":15,"minecraft:gold_nugget":2,"minecraft:iron_pickaxe":1,"paraglider:paraglider":1,"minecraft:blue_bed":1,"minecraft:compass":1,"minecraft:cobbled_deepslate":35,"minecraft:wheat":6,"born_in_chaos_v1:ethereal_spirit":2,"minecraft:rotten_flesh":5,"minecraft:glowstone_dust":2,"minecraft:cooked_mutton":2,"twilightforest:torchberries":1,"minecraft:salmon":1,"minecraft:poppy":4,"iceandfire:ghost_chest":1,"minecraft:gunpowder":1,"minecraft:skeleton_skull":1,"minecraft:arrow":10,"minecraft:beef":10,"minecraft:stone_hoe":1,"born_in_chaos_v1:intoxicating_decoction":1,"born_in_chaos_v1:shattered_skull":1,"minecraft:wheat_seeds":2,"minecraft:feather":1,"minecraft:cobblestone":64,"minecraft:spruce_door":1,"minecraft:stick":2,"minecraft:oxeye_daisy":5,"minecraft:torch":10,"iceandfire:silver_sword":1,"minecraft:iron_leggings":1,"minecraft:stonecutter":1,"minecraft:dandelion":6,"minecraft:furnace":4,"minecraft:stone_sword":1,"minecraft:raw_copper":7,"born_in_chaos_v1:rotten_fish":5,"minecraft:chicken":1,"minecraft:smoker":1,"minecraft:shears":1,"biomesoplenty:fir_planks":3,"minecraft:allium":2,"minecraft:spruce_planks":42,"minecraft:iron_chestplate":1,"minecraft:oak_sapling":3,"minecraft:bell":1,"minecraft:magma_block":1},"minecraft:custom":{"minecraft:interact_with_crafting_table":74,"minecraft:open_barrel":4,"minecraft:bell_ring":1,"minecraft:leave_game":11,"minecraft:time_since_death":119672,"minecraft:sprint_one_cm":1087922,"minecraft:damage_blocked_by_shield":1219,"minecraft:drop":96,"minecraft:play_time":733374,"minecraft:deaths":26,"minecraft:jump":8669,"minecraft:walk_on_water_one_cm":185780,"minecraft:interact_with_furnace":67,"twilightforest:uncrafting_table_interactions":9,"minecraft:sleep_in_bed":18,"minecraft:damage_dealt":87558,"minecraft:player_kills":2,"minecraft:crouch_one_cm":39354,"minecraft:interact_with_smoker":10,"minecraft:horse_one_cm":5797,"minecraft:mob_kills":416,"minecraft:damage_dealt_resisted":626,"minecraft:climb_one_cm":2255,"minecraft:walk_one_cm":2385181,"minecraft:damage_dealt_absorbed":101,"minecraft:sneak_time":17160,"minecraft:walk_under_water_one_cm":135922,"minecraft:total_world_time":733374,"minecraft:time_since_rest":119705,"minecraft:damage_taken":11696,"minecraft:trigger_trapped_chest":5,"minecraft:swim_one_cm":132424,"minecraft:fly_one_cm":6658693,"minecraft:open_chest":133,"minecraft:fish_caught":4,"minecraft:fall_one_cm":128796},"minecraft:broken":{"minecraft:leather_leggings":1,"minecraft:iron_boots":2,"minecraft:iron_leggings":1,"minecraft:stone_pickaxe":3,"minecraft:chainmail_chestplate":1,"minecraft:wooden_axe":1,"iceandfire:silver_shovel":1,"minecraft:stone_shovel":3,"born_in_chaos_v1:wood_splitter_axe":1,"twilightforest:ore_magnet":1,"minecraft:iron_helmet":1,"minecraft:golden_pickaxe":1,"iceandfire:silver_axe":1},"minecraft:mined":{"iceandfire:graveyard_soil":2,"minecraft:farmland":2,"fantasyfurniture:nordic/chest":1,"minecraft:granite":7,"minecraft:grass_block":505,"minecraft:oxeye_daisy":11,"minecraft:chiseled_stone_bricks":1,"minecraft:spawner":2,"minecraft:raw_iron_block":3,"minecraft:glowstone":2,"minecraft:iron_ore":34,"fantasyfurniture:royal/bed_double":1,"minecraft:tripwire":2,"fantasyfurniture:necrolord/wardrobe_bottom":1,"minecraft:clay":2,"minecraft:torch":5,"minecraft:poppy":8,"minecraft:melon":2,"iceandfire:ghost_chest":3,"minecraft:chest":1,"twilightforest:twilight_oak_log":6,"twilightforest:uncrafting_table":1,"minecraft:glass":1,"minecraft:cobblestone":76,"minecraft:sugar_cane":3,"minecraft:wall_torch":8,"minecraft:birch_log":7,"minecraft:wheat":1,"minecraft:lilac":1,"twilightforest:root":1,"biomesoplenty:fir_log":247,"minecraft:stone_brick_stairs":1,"minecraft:grass":66,"minecraft:oak_log":9,"minecraft:beetroots":1,"minecraft:sand":223,"minecraft:dirt":751,"twilightforest:canopy_log":1,"minecraft:oak_leaves":304,"minecraft:deepslate":98,"biomesoplenty:reed":2,"minecraft:diamond_ore":8,"iceandfire:silver_ore":3,"minecraft:mossy_cobblestone":1,"minecraft:dark_oak_leaves":2,"gravestone:gravestone":24,"biomesoplenty:bush":38,"minecraft:allium":3,"minecraft:spruce_fence":1,"minecraft:spruce_leaves":3,"minecraft:large_fern":1,"minecraft:redstone_ore":5,"minecraft:carrots":1,"biomesoplenty:toadstool":1,"minecraft:andesite":3,"biomesoplenty:fir_door":1,"minecraft:potatoes":9,"twilightforest:firefly_jar":1,"biomesoplenty:fir_stairs":11,"minecraft:vine":10,"minecraft:stone":1181,"minecraft:bone_block":6,"minecraft:glass_pane":2,"fantasyfurniture:nordic/wardrobe_top":1,"twilightforest:hedge":1,"minecraft:stone_brick_slab":2,"minecraft:dandelion":6,"minecraft:spruce_door":1,"minecraft:crafting_table":1,"minecraft:cornflower":11,"biomesoplenty:fir_planks":46,"minecraft:copper_ore":13,"minecraft:tall_grass":2,"twilightforest:mayapple":1,"minecraft:blue_bed":5,"minecraft:coarse_dirt":2,"biomesoplenty:fir_fence":5,"minecraft:spruce_log":7,"minecraft:coal_ore":78,"biomesoplenty:fir_leaves":246,"biomesoplenty:fir_trapdoor":2,"minecraft:gravel":29,"twilightforest:moss_patch":4,"minecraft:cobweb":4,"minecraft:cracked_stone_bricks":4,"minecraft:stone_bricks":4,"minecraft:infested_stone":1,"minecraft:fern":24},"minecraft:killed_by":{"alexsmobs:crocodile":2,"minecraft:zombie":1,"minecraft:player":6,"alexsmobs:bison":1,"iceandfire:ghost":3,"twilightforest:redcap":1},"minecraft:used":{"minecraft:polished_deepslate":475,"minecraft:poppy":4,"born_in_chaos_v1:intoxicating_decoction":1,"minecraft:chest":7,"minecraft:shield":46,"minecraft:iron_sword":331,"mcwdoors:sliding_glass_door":2,"minecraft:mutton":11,"fantasyfurniture:nordic/dresser":1,"fantasyfurniture:necrolord/wardrobe_bottom":2,"minecraft:carrot":1,"minecraft:glass":136,"biomesoplenty:fir_sapling":98,"minecraft:grass_block":122,"twilightforest:cooked_venison":12,"minecraft:netherite_hoe":27,"iceandfire:ghost_chest":1,"minecraft:tropical_fish_spawn_egg":33,"aquaculture:piranha_bucket":5,"mcwwindows:dark_oak_four_window":5,"minecraft:bow":2,"minecraft:written_book":3,"minecraft:oak_sapling":1,"minecraft:furnace":4,"minecraft:cooked_cod":2,"minecraft:beetroot_seeds":7,"biomesoplenty:fir_trapdoor":4,"minecraft:polished_diorite_stairs":7,"handcrafted:wolf_trophy":1,"minecraft:skeleton_skull":1,"minecraft:potato":16,"biomesoplenty:fir_fence":63,"minecraft:stone_pickaxe":597,"minecraft:polished_diorite_slab":160,"twilightforest:uncrafting_table":2,"minecraft:wooden_pickaxe":25,"biomesoplenty:fir_planks":346,"minecraft:blue_bed":3,"minecraft:sponge":1,"iceandfire:silver_axe":356,"decorative_blocks:chandelier":5,"fantasyfurniture:venthyr/bookshelf":1,"iceandfire:silver_pickaxe":631,"fantasyfurniture:nordic/oven":1,"mcwwindows:spruce_plank_four_window":4,"minecraft:stone_button":1,"minecraft:melon_slice":6,"biomesoplenty:fir_stairs":46,"minecraft:string":3,"mcwwindows:spruce_plank_parapet":5,"minecraft:diamond_sword":874,"minecraft:wooden_sword":40,"minecraft:andesite":1,"minecraft:bone_meal":70,"born_in_chaos_v1:scorched_planks_trapdoor":12,"minecraft:golden_pickaxe":31,"securitycraft:reinforced_stone_pressure_plate":4,"connectedglass:clear_glass_black":223,"iceandfire:silver_sword":364,"minecraft:flint_and_steel":49,"born_in_chaos_v1:ethereal_spirit":1,"minecraft:stone_shovel":496,"minecraft:spruce_planks":21,"minecraft:stone_hoe":49,"minecraft:cooked_chicken":2,"minecraft:torch":75,"minecraft:dirt":746,"aquaculture:gold_fishing_rod":3,"minecraft:granite":1,"minecraft:wooden_axe":116,"mcwroofs:oak_roof":13,"mcwbridges:oak_log_bridge_middle":48,"minecraft:melon_seeds":4,"mcwwindows:stripped_dark_oak_log_four_window":1,"mcwfences:iron_cheval_de_frise":61,"minecraft:glowstone":51,"minecraft:beef":12,"fantasyfurniture:nordic/chest":2,"connectedglass:clear_glass_black_pane":156,"minecraft:cooked_beef":28,"minecraft:cooked_mutton":6,"alexsmobs:cooked_catfish":2,"minecraft:water_bucket":135,"mcwwindows:blackstone_pane_window":5,"born_in_chaos_v1:scorched_planks_door":6,"minecraft:cracked_stone_bricks":2,"minecraft:mossy_cobblestone":1,"minecraft:crafting_table":7,"minecraft:cornflower":4,"minecraft:apple":2,"minecraft:oxeye_daisy":5,"fantasyfurniture:nordic/wardrobe_top":2,"decorative_blocks:chain":3,"minecraft:iron_pickaxe":299,"twilightforest:firefly_jar":1,"minecraft:spruce_sapling":2,"mcwbridges:oak_log_bridge_stair":4,"fantasyfurniture:royal/bed_double":2,"minecraft:stone_axe":10,"fantasyfurniture:furniture_station":1,"minecraft:fishing_rod":10,"minecraft:cobblestone":601,"biomesoplenty:fir_door":5,"mcwwindows:dark_oak_blinds":3,"minecraft:cobbled_deepslate_slab":2,"minecraft:porkchop":12,"minecraft:bucket":12,"minecraft:cooked_porkchop":15,"majruszsdifficulty:bandage":4,"born_in_chaos_v1:wood_splitter_axe":146,"minecraft:glass_pane":122,"decorative_blocks:brazier":4,"iceandfire:silver_shovel":859,"biomesoplenty:fir_log":32,"minecraft:smooth_stone":4},"minecraft:picked_up":{"minecraft:birch_door":1,"minecraft:wheat":12,"minecraft:lead":1,"minecraft:wither_rose":2,"minecraft:stone_brick_stairs":2,"biomesoplenty:fir_trapdoor":2,"iceandfire:manuscript":6,"minecraft:string":86,"minecraft:raw_copper":66,"minecraft:iron_leggings":1,"minecraft:beetroot":1,"minecraft:smooth_stone":1,"minecraft:gold_nugget":4,"minecraft:cobbled_deepslate":193,"minecraft:bucket":2,"biomesoplenty:fir_planks":57,"minecraft:spruce_planks":42,"minecraft:written_book":2,"minecraft:iron_pickaxe":6,"minecraft:melon_slice":13,"twilightforest:firefly_jar":1,"minecraft:iron_boots":1,"minecraft:stick":42,"iceandfire:ghost_chest":5,"born_in_chaos_v1:shattered_skull":1,"minecraft:oak_fence":3,"born_in_chaos_v1:flaming_evil_pumpkin":1,"minecraft:torch":34,"minecraft:porkchop":23,"minecraft:rotten_flesh":176,"aquaculture:algae":2,"fantasyfurniture:nordic/chest":1,"fantasyfurniture:nordic/bed_single":1,"minecraft:cod":2,"minecraft:snowball":32,"minecraft:cobblestone":1456,"fantasyfurniture:nordic/wardrobe_top":1,"minecraft:magma_block":1,"minecraft:cooked_beef":8,"minecraft:feather":4,"minecraft:lilac":2,"twilightforest:twilight_oak_log":12,"minecraft:water_bucket":1,"minecraft:andesite":5,"minecraft:brown_wool":1,"minecraft:potato":11,"biomesoplenty:fir_sapling":57,"biomesoplenty:fir_log":290,"alexsmobs:bison_fur":7,"paraglider:spirit_orb":4,"minecraft:flint":5,"biomesoplenty:fir_stairs":16,"minecraft:dirt":1655,"minecraft:name_tag":1,"minecraft:leather_boots":2,"minecraft:glass":33,"minecraft:bone":105,"minecraft:bow":5,"minecraft:stonecutter":2,"minecraft:wheat_seeds":26,"minecraft:glowstone_dust":2,"minecraft:oak_planks":52,"biomesoplenty:toadstool":8,"minecraft:sand":219,"biomesoplenty:fir_fence":24,"minecraft:ink_sac":12,"minecraft:mossy_cobblestone":1,"born_in_chaos_v1:fire_dust":2,"twilightforest:twilight_oak_sapling":2,"minecraft:diamond":9,"minecraft:granite":26,"minecraft:fishing_rod":1,"minecraft:light_gray_carpet":3,"alexsmobs:banana_slug_slime":8,"minecraft:emerald":1,"alexsmobs:maggot":5,"minecraft:oak_sapling":16,"born_in_chaos_v1:rotten_fish":5,"twilightforest:uncrafting_table":1,"twilightforest:torchberries":9,"iceandfire:raw_silver":4,"minecraft:charcoal":2,"minecraft:coarse_dirt":7,"minecraft:crafting_table":1,"minecraft:allium":8,"minecraft:purple_wool":1,"minecraft:chicken":3,"minecraft:clay_ball":8,"born_in_chaos_v1:seedof_chaos":10,"fantasyfurniture:necrolord/wardrobe_bottom":1,"minecraft:leather_leggings":2,"gravestone:obituary":11,"minecraft:cornflower":10,"minecraft:wooden_sword":1,"biomesoplenty:fir_door":3,"born_in_chaos_v1:intoxicating_decoction":2,"minecraft:glass_pane":6,"iceandfire:graveyard_soil":2,"minecraft:cracked_stone_bricks":4,"aquaculture:bluegill":2,"minecraft:beef":54,"minecraft:poppy":8,"minecraft:spruce_slab":1,"minecraft:sugar_cane":10,"minecraft:chest":1,"minecraft:egg":2,"minecraft:raw_iron":6,"minecraft:copper_ingot":5,"minecraft:spruce_fence":2,"born_in_chaos_v1:pieceofdarkmetal":12,"minecraft:carrot":1,"minecraft:redstone":34,"twilightforest:firefly":1,"minecraft:stone_shovel":1,"iceandfire:silver_ingot":1,"minecraft:arrow":30,"minecraft:beetroot_seeds":3,"born_in_chaos_v1:wood_splitter_axe":1,"minecraft:golden_hoe":1,"minecraft:gold_ingot":15,"fantasyfurniture:royal/bed_double":1,"minecraft:mutton":16,"minecraft:bone_block":10,"minecraft:skeleton_skull":2,"minecraft:white_wool":20,"minecraft:oxeye_daisy":10,"born_in_chaos_v1:corpse_maggot":5,"minecraft:salmon":3,"minecraft:leather":16,"iceandfire:silver_shovel":1,"doggytalents:rice_grains":1,"minecraft:chainmail_chestplate":2,"minecraft:oak_log":12,"minecraft:gunpowder":1,"minecraft:blue_bed":7,"minecraft:cooked_mutton":1,"twilightforest:raw_venison":13,"minecraft:apple":2,"minecraft:stone_bricks":8,"travelersbackpack:cake":1,"minecraft:rabbit_hide":2,"minecraft:iron_ingot":3,"minecraft:stone_pickaxe":2,"born_in_chaos_v1:lifestealer_bone":6,"minecraft:stone_brick_slab":2,"minecraft:dandelion":6,"born_in_chaos_v1:ethereal_spirit":13,"minecraft:gravel":48,"minecraft:spruce_sapling":2,"minecraft:spruce_log":9,"minecraft:spruce_door":1,"minecraft:spider_eye":20,"iceandfire:silver_pickaxe":1,"alexsmobs:raw_catfish":2,"minecraft:stone_axe":1,"minecraft:gray_wool":2,"minecraft:coal":88,"minecraft:wooden_axe":1},"minecraft:crafted":{"biomesoplenty:fir_trapdoor":2,"minecraft:oak_planks":28,"fantasyfurniture:furniture_station":2,"minecraft:cooked_chicken":2,"iceandfire:silver_shovel":3,"minecraft:cooked_mutton":3,"minecraft:glass":217,"twilightforest:cooked_venison":12,"aquaculture:gold_fishing_rod":1,"minecraft:chest":7,"alexsmobs:cooked_catfish":2,"minecraft:stone_hoe":1,"minecraft:oak_fence":3,"iceandfire:silver_axe":1,"sophisticatedbackpacks:backpack":1,"minecraft:cooked_porkchop":11,"minecraft:crafting_table":7,"minecraft:spruce_planks":28,"minecraft:wooden_pickaxe":1,"majruszsdifficulty:bandage":4,"minecraft:golden_pickaxe":1,"biomesoplenty:fir_planks":744,"minecraft:shield":1,"minecraft:stick":144,"minecraft:iron_ingot":6,"minecraft:iron_pickaxe":1,"minecraft:stone_sword":1,"iceandfire:silver_sword":3,"minecraft:shears":1,"biomesoplenty:fir_door":6,"handcrafted:wolf_trophy":1,"biomesoplenty:fir_stairs":52,"minecraft:wooden_sword":1,"minecraft:stone_shovel":4,"minecraft:fishing_rod":1,"minecraft:furnace":4,"minecraft:glass_pane":128,"minecraft:stone_pickaxe":4,"minecraft:cooked_beef":32,"paraglider:paraglider":2,"minecraft:cooked_cod":2,"minecraft:diamond_sword":1,"minecraft:iron_sword":1,"minecraft:air":0,"biomesoplenty:fir_fence":78,"minecraft:wooden_axe":2,"iceandfire:silver_pickaxe":2,"minecraft:torch":40,"minecraft:diamond_chestplate":1},"minecraft:killed":{"born_in_chaos_v1:zombie_clown":1,"twilightforest:boar":6,"twilightforest:hostile_wolf":1,"minecraft:cave_spider":1,"minecraft:witch":1,"born_in_chaos_v1:restless_spirit":3,"born_in_chaos_v1:zombie_lumberjack":1,"born_in_chaos_v1:seared_spirit":1,"aquaculture:piranha":2,"born_in_chaos_v1:skeleton_demoman":1,"minecraft:spider":5,"minecraft:zombie_horse":4,"minecraft:skeleton":32,"alexsmobs:banana_slug":1,"minecraft:chicken":4,"born_in_chaos_v1:skeleton_thrasher":1,"minecraft:silverfish":3,"minecraft:wolf":2,"twilightforest:slime_beetle":2,"minecraft:pig":4,"minecraft:zombie_villager":3,"minecraft:salmon":2,"twilightforest:raven":1,"twilightforest:skeleton_druid":2,"minecraft:sheep":9,"aquaculture:minnow":1,"twilightforest:redcap":7,"minecraft:zombie":117,"alexsmobs:terrapin":3,"minecraft:stray":1,"alexsmobs:fly":2,"minecraft:cow":6,"twilightforest:deer":9,"alexsmobs:raccoon":1,"alexsmobs:tasmanian_devil":3,"born_in_chaos_v1:zombie_bruiser":1,"born_in_chaos_v1:maggot":18,"minecraft:horse":2,"alexsmobs:blue_jay":1,"twilightforest:swarm_spider":34,"twilightforest:hedge_spider":3,"born_in_chaos_v1:corpse_fish":6,"alexsmobs:bison":6,"minecraft:drowned":12,"minecraft:husk":48,"twilightforest:helmet_crab":1,"born_in_chaos_v1:baby_skeleton":3,"minecraft:bat":1,"twilightforest:kobold":9,"twilightforest:redcap_sapper":1,"minecraft:squid":1,"born_in_chaos_v1:decrepit_skeleton":2,"alexsmobs:catfish":1,"iceandfire:ghost":8,"twilightforest:bighorn_sheep":2,"born_in_chaos_v1:lifestealer_true_form":1}},"DataVersion":3465}