{"stats":{"minecraft:crafted":{"biomesoplenty:fir_trapdoor":2,"minecraft:oak_planks":28,"fantasyfurniture:furniture_station":2,"minecraft:cooked_chicken":1,"iceandfire:silver_shovel":3,"minecraft:cooked_mutton":2,"minecraft:glass":217,"minecraft:chest":6,"alexsmobs:cooked_catfish":2,"minecraft:stone_hoe":1,"minecraft:oak_fence":3,"iceandfire:silver_axe":1,"minecraft:crafting_table":6,"minecraft:spruce_planks":28,"minecraft:wooden_pickaxe":1,"majruszsdifficulty:bandage":4,"biomesoplenty:fir_planks":744,"minecraft:shield":1,"minecraft:stick":128,"minecraft:iron_ingot":3,"minecraft:stone_sword":1,"iceandfire:silver_sword":2,"minecraft:shears":1,"biomesoplenty:fir_door":6,"biomesoplenty:fir_stairs":52,"minecraft:wooden_sword":1,"minecraft:stone_shovel":4,"minecraft:fishing_rod":1,"minecraft:furnace":3,"minecraft:glass_pane":128,"minecraft:stone_pickaxe":4,"minecraft:cooked_beef":32,"paraglider:paraglider":2,"minecraft:cooked_cod":2,"minecraft:iron_sword":1,"minecraft:air":0,"biomesoplenty:fir_fence":78,"minecraft:wooden_axe":2,"iceandfire:silver_pickaxe":2,"minecraft:torch":40},"minecraft:dropped":{"minecraft:iron_sword":2,"fantasyfurniture:furniture_station":1,"minecraft:lapis_lazuli":64,"minecraft:cooked_beef":12,"minecraft:diamond":9,"minecraft:emerald":3,"minecraft:flint":5,"minecraft:dirt":18,"twilightforest:firefly":1,"minecraft:cornflower":6,"minecraft:mutton":2,"gravestone:obituary":8,"minecraft:gold_nugget":1,"minecraft:iron_pickaxe":1,"paraglider:paraglider":1,"minecraft:blue_bed":1,"minecraft:compass":1,"minecraft:cobbled_deepslate":35,"minecraft:wheat":6,"born_in_chaos_v1:ethereal_spirit":2,"minecraft:rotten_flesh":4,"minecraft:glowstone_dust":2,"minecraft:cooked_mutton":2,"minecraft:salmon":1,"minecraft:poppy":4,"iceandfire:ghost_chest":1,"minecraft:gunpowder":1,"minecraft:skeleton_skull":1,"minecraft:arrow":8,"minecraft:beef":9,"minecraft:stone_hoe":1,"minecraft:wheat_seeds":2,"born_in_chaos_v1:shattered_skull":1,"minecraft:feather":1,"minecraft:cobblestone":64,"minecraft:spruce_door":1,"minecraft:stick":1,"minecraft:oxeye_daisy":5,"minecraft:torch":1,"iceandfire:silver_sword":1,"minecraft:iron_leggings":1,"minecraft:stonecutter":1,"minecraft:dandelion":6,"minecraft:furnace":4,"minecraft:stone_sword":1,"minecraft:raw_copper":7,"minecraft:smoker":1,"biomesoplenty:fir_planks":3,"minecraft:allium":2,"minecraft:spruce_planks":42,"minecraft:iron_chestplate":1,"minecraft:oak_sapling":3,"minecraft:bell":1,"minecraft:magma_block":1},"minecraft:picked_up":{"minecraft:wheat":8,"minecraft:lead":1,"minecraft:stone_brick_stairs":1,"biomesoplenty:fir_trapdoor":2,"iceandfire:manuscript":6,"minecraft:string":46,"minecraft:raw_copper":50,"minecraft:iron_leggings":1,"minecraft:beetroot":1,"minecraft:gold_nugget":1,"minecraft:cobbled_deepslate":98,"biomesoplenty:fir_planks":35,"minecraft:spruce_planks":42,"minecraft:written_book":1,"minecraft:iron_pickaxe":5,"minecraft:melon_slice":13,"minecraft:iron_boots":1,"minecraft:stick":11,"iceandfire:ghost_chest":4,"born_in_chaos_v1:shattered_skull":1,"minecraft:torch":15,"minecraft:porkchop":23,"minecraft:rotten_flesh":34,"minecraft:cod":2,"minecraft:snowball":16,"minecraft:cobblestone":1076,"minecraft:magma_block":1,"minecraft:lilac":1,"minecraft:feather":2,"minecraft:cooked_beef":8,"twilightforest:twilight_oak_log":6,"minecraft:water_bucket":1,"minecraft:andesite":3,"minecraft:brown_wool":1,"alexsmobs:bison_fur":4,"minecraft:potato":10,"biomesoplenty:fir_log":243,"biomesoplenty:fir_sapling":4,"paraglider:spirit_orb":2,"minecraft:flint":5,"biomesoplenty:fir_stairs":11,"minecraft:dirt":1234,"minecraft:leather_boots":1,"minecraft:bone":37,"minecraft:stonecutter":1,"minecraft:bow":2,"minecraft:wheat_seeds":13,"minecraft:glowstone_dust":2,"biomesoplenty:toadstool":4,"biomesoplenty:fir_fence":5,"minecraft:sand":218,"minecraft:ink_sac":3,"minecraft:mossy_cobblestone":1,"twilightforest:twilight_oak_sapling":1,"minecraft:diamond":1,"minecraft:granite":7,"minecraft:emerald":1,"alexsmobs:maggot":5,"minecraft:oak_sapling":10,"twilightforest:torchberries":1,"twilightforest:uncrafting_table":1,"iceandfire:raw_silver":3,"minecraft:coarse_dirt":5,"minecraft:crafting_table":1,"minecraft:allium":2,"minecraft:purple_wool":1,"minecraft:chicken":1,"born_in_chaos_v1:seedof_chaos":5,"gravestone:obituary":3,"minecraft:cornflower":10,"biomesoplenty:fir_door":1,"iceandfire:graveyard_soil":2,"minecraft:cracked_stone_bricks":3,"minecraft:beef":41,"minecraft:poppy":8,"minecraft:sugar_cane":5,"minecraft:chest":1,"minecraft:egg":1,"minecraft:raw_iron":4,"minecraft:copper_ingot":2,"born_in_chaos_v1:pieceofdarkmetal":6,"minecraft:carrot":1,"twilightforest:firefly":1,"iceandfire:silver_ingot":1,"minecraft:arrow":13,"minecraft:beetroot_seeds":3,"born_in_chaos_v1:wood_splitter_axe":1,"minecraft:gold_ingot":14,"minecraft:mutton":15,"minecraft:white_wool":9,"minecraft:skeleton_skull":2,"minecraft:bone_block":5,"minecraft:oxeye_daisy":10,"minecraft:salmon":2,"minecraft:leather":8,"minecraft:chainmail_chestplate":2,"minecraft:oak_log":9,"minecraft:gunpowder":1,"minecraft:blue_bed":4,"minecraft:cooked_mutton":1,"twilightforest:raw_venison":10,"minecraft:apple":2,"minecraft:stone_bricks":4,"minecraft:rabbit_hide":1,"minecraft:iron_ingot":1,"born_in_chaos_v1:lifestealer_bone":3,"minecraft:stone_brick_slab":1,"minecraft:dandelion":6,"born_in_chaos_v1:ethereal_spirit":6,"minecraft:gravel":24,"minecraft:spruce_sapling":2,"minecraft:spruce_log":8,"minecraft:spider_eye":10,"minecraft:spruce_door":1,"alexsmobs:raw_catfish":2,"minecraft:gray_wool":1,"minecraft:coal":74},"minecraft:custom":{"minecraft:interact_with_crafting_table":52,"minecraft:open_barrel":4,"minecraft:bell_ring":1,"minecraft:leave_game":8,"minecraft:time_since_death":15060,"minecraft:sprint_one_cm":774202,"minecraft:damage_blocked_by_shield":951,"minecraft:drop":77,"minecraft:play_time":442011,"minecraft:deaths":18,"minecraft:jump":5985,"minecraft:walk_on_water_one_cm":132564,"twilightforest:uncrafting_table_interactions":1,"minecraft:interact_with_furnace":62,"minecraft:sleep_in_bed":16,"minecraft:damage_dealt":27715,"minecraft:player_kills":1,"minecraft:crouch_one_cm":32610,"minecraft:horse_one_cm":5797,"minecraft:mob_kills":161,"minecraft:damage_dealt_resisted":368,"minecraft:climb_one_cm":1998,"minecraft:walk_one_cm":1730637,"minecraft:damage_dealt_absorbed":80,"minecraft:sneak_time":12942,"minecraft:walk_under_water_one_cm":78696,"minecraft:total_world_time":442011,"minecraft:time_since_rest":15089,"minecraft:damage_taken":7903,"minecraft:trigger_trapped_chest":4,"minecraft:swim_one_cm":124336,"minecraft:fly_one_cm":2102185,"minecraft:open_chest":89,"minecraft:fish_caught":3,"minecraft:fall_one_cm":95739},"minecraft:mined":{"iceandfire:graveyard_soil":2,"minecraft:farmland":2,"minecraft:granite":7,"minecraft:grass_block":496,"minecraft:oxeye_daisy":11,"minecraft:spawner":1,"minecraft:chiseled_stone_bricks":1,"minecraft:iron_ore":5,"minecraft:tripwire":2,"minecraft:torch":3,"minecraft:poppy":8,"minecraft:melon":2,"twilightforest:twilight_oak_log":6,"iceandfire:ghost_chest":3,"minecraft:chest":1,"twilightforest:uncrafting_table":1,"minecraft:glass":1,"minecraft:cobblestone":60,"minecraft:sugar_cane":3,"minecraft:wall_torch":8,"minecraft:birch_log":7,"minecraft:wheat":1,"minecraft:lilac":1,"twilightforest:root":1,"biomesoplenty:fir_log":247,"minecraft:stone_brick_stairs":1,"minecraft:grass":62,"minecraft:oak_log":9,"minecraft:beetroots":1,"minecraft:sand":223,"minecraft:dirt":722,"minecraft:oak_leaves":304,"minecraft:deepslate":98,"biomesoplenty:reed":2,"iceandfire:silver_ore":3,"minecraft:mossy_cobblestone":1,"minecraft:dark_oak_leaves":2,"gravestone:gravestone":18,"biomesoplenty:bush":38,"minecraft:allium":3,"minecraft:spruce_leaves":3,"minecraft:large_fern":1,"minecraft:carrots":1,"biomesoplenty:toadstool":1,"minecraft:andesite":3,"biomesoplenty:fir_door":1,"minecraft:potatoes":9,"biomesoplenty:fir_stairs":11,"minecraft:vine":9,"minecraft:stone":985,"minecraft:bone_block":6,"minecraft:glass_pane":2,"twilightforest:hedge":1,"minecraft:stone_brick_slab":2,"minecraft:spruce_door":1,"minecraft:dandelion":6,"minecraft:crafting_table":1,"minecraft:cornflower":11,"biomesoplenty:fir_planks":46,"minecraft:tall_grass":2,"minecraft:copper_ore":13,"minecraft:blue_bed":4,"minecraft:coarse_dirt":1,"biomesoplenty:fir_fence":5,"minecraft:spruce_log":7,"minecraft:coal_ore":70,"biomesoplenty:fir_leaves":246,"biomesoplenty:fir_trapdoor":2,"minecraft:gravel":29,"minecraft:cracked_stone_bricks":4,"minecraft:cobweb":4,"minecraft:stone_bricks":4,"minecraft:infested_stone":1,"minecraft:fern":24},"minecraft:broken":{"minecraft:iron_boots":2,"minecraft:iron_leggings":1,"minecraft:stone_pickaxe":3,"minecraft:wooden_axe":1,"iceandfire:silver_shovel":1,"minecraft:stone_shovel":3,"born_in_chaos_v1:wood_splitter_axe":1,"minecraft:iron_helmet":1},"minecraft:used":{"minecraft:poppy":4,"minecraft:chest":7,"minecraft:shield":36,"minecraft:iron_sword":331,"minecraft:mutton":11,"minecraft:glass":136,"iceandfire:ghost_chest":1,"minecraft:written_book":2,"minecraft:furnace":3,"minecraft:oak_sapling":1,"minecraft:cooked_cod":2,"biomesoplenty:fir_trapdoor":4,"minecraft:beetroot_seeds":7,"minecraft:skeleton_skull":1,"minecraft:potato":16,"biomesoplenty:fir_fence":63,"minecraft:stone_pickaxe":597,"twilightforest:uncrafting_table":1,"minecraft:wooden_pickaxe":25,"biomesoplenty:fir_planks":345,"minecraft:blue_bed":3,"iceandfire:silver_axe":272,"iceandfire:silver_pickaxe":631,"minecraft:melon_slice":6,"minecraft:string":3,"biomesoplenty:fir_stairs":46,"minecraft:wooden_sword":40,"minecraft:andesite":1,"iceandfire:silver_sword":17,"born_in_chaos_v1:ethereal_spirit":1,"minecraft:stone_shovel":496,"minecraft:spruce_planks":21,"minecraft:stone_hoe":49,"minecraft:cooked_chicken":1,"minecraft:torch":52,"minecraft:dirt":740,"minecraft:granite":1,"minecraft:wooden_axe":116,"minecraft:melon_seeds":4,"minecraft:cooked_beef":28,"minecraft:cooked_mutton":5,"minecraft:water_bucket":13,"alexsmobs:cooked_catfish":2,"minecraft:cracked_stone_bricks":2,"minecraft:mossy_cobblestone":1,"minecraft:crafting_table":5,"minecraft:cornflower":4,"minecraft:apple":2,"minecraft:oxeye_daisy":5,"minecraft:iron_pickaxe":48,"minecraft:spruce_sapling":2,"minecraft:stone_axe":10,"fantasyfurniture:furniture_station":1,"minecraft:fishing_rod":10,"minecraft:cobblestone":585,"biomesoplenty:fir_door":5,"minecraft:porkchop":11,"minecraft:cooked_porkchop":4,"majruszsdifficulty:bandage":4,"minecraft:bucket":12,"born_in_chaos_v1:wood_splitter_axe":146,"minecraft:glass_pane":122,"iceandfire:silver_shovel":825,"biomesoplenty:fir_log":32},"minecraft:killed_by":{"alexsmobs:crocodile":2,"minecraft:zombie":1,"minecraft:player":6,"alexsmobs:bison":1,"iceandfire:ghost":3},"minecraft:killed":{"twilightforest:boar":5,"twilightforest:hostile_wolf":1,"minecraft:cave_spider":1,"minecraft:witch":1,"born_in_chaos_v1:zombie_lumberjack":1,"born_in_chaos_v1:restless_spirit":2,"born_in_chaos_v1:skeleton_demoman":1,"minecraft:spider":4,"minecraft:skeleton":18,"minecraft:chicken":2,"born_in_chaos_v1:skeleton_thrasher":1,"minecraft:silverfish":3,"minecraft:wolf":1,"twilightforest:slime_beetle":1,"minecraft:pig":4,"minecraft:salmon":2,"twilightforest:skeleton_druid":1,"minecraft:sheep":8,"twilightforest:redcap":6,"minecraft:zombie":25,"alexsmobs:terrapin":3,"alexsmobs:fly":2,"minecraft:cow":1,"twilightforest:deer":4,"alexsmobs:raccoon":1,"alexsmobs:tasmanian_devil":3,"alexsmobs:blue_jay":1,"twilightforest:swarm_spider":22,"twilightforest:hedge_spider":3,"minecraft:drowned":5,"alexsmobs:bison":6,"twilightforest:helmet_crab":1,"born_in_chaos_v1:baby_skeleton":2,"twilightforest:kobold":3,"twilightforest:redcap_sapper":1,"minecraft:squid":1,"born_in_chaos_v1:decrepit_skeleton":2,"alexsmobs:catfish":1,"iceandfire:ghost":7,"twilightforest:bighorn_sheep":2,"born_in_chaos_v1:lifestealer_true_form":1}},"DataVersion":3465}