{"stats":{"minecraft:picked_up":{"minecraft:crafting_table":1,"minecraft:coarse_dirt":5,"minecraft:allium":2,"minecraft:chicken":1,"minecraft:lead":1,"minecraft:stone_brick_stairs":1,"gravestone:obituary":3,"biomesoplenty:fir_trapdoor":2,"minecraft:cornflower":5,"iceandfire:manuscript":6,"minecraft:string":8,"biomesoplenty:fir_door":1,"minecraft:raw_copper":36,"minecraft:iron_leggings":1,"minecraft:beetroot":1,"iceandfire:graveyard_soil":2,"minecraft:cracked_stone_bricks":3,"minecraft:cobbled_deepslate":98,"biomesoplenty:fir_planks":32,"minecraft:spruce_planks":42,"minecraft:beef":41,"minecraft:poppy":4,"minecraft:melon_slice":13,"minecraft:sugar_cane":5,"minecraft:chest":1,"minecraft:egg":1,"minecraft:stick":6,"minecraft:raw_iron":4,"iceandfire:ghost_chest":4,"born_in_chaos_v1:shattered_skull":1,"minecraft:copper_ingot":2,"minecraft:torch":13,"minecraft:porkchop":10,"minecraft:carrot":1,"iceandfire:silver_ingot":1,"minecraft:arrow":10,"minecraft:rotten_flesh":33,"born_in_chaos_v1:wood_splitter_axe":1,"minecraft:beetroot_seeds":3,"minecraft:gold_ingot":14,"minecraft:mutton":11,"minecraft:bone_block":5,"minecraft:snowball":16,"minecraft:cod":2,"minecraft:skeleton_skull":2,"minecraft:white_wool":9,"minecraft:cobblestone":991,"minecraft:oxeye_daisy":5,"minecraft:feather":2,"minecraft:lilac":1,"minecraft:andesite":3,"minecraft:salmon":2,"minecraft:potato":10,"biomesoplenty:fir_sapling":3,"biomesoplenty:fir_log":240,"alexsmobs:bison_fur":3,"minecraft:flint":5,"minecraft:oak_log":9,"minecraft:chainmail_chestplate":2,"biomesoplenty:fir_stairs":11,"minecraft:dirt":1196,"minecraft:blue_bed":4,"minecraft:leather_boots":1,"minecraft:cooked_mutton":1,"minecraft:bone":19,"minecraft:apple":2,"minecraft:stone_bricks":4,"minecraft:bow":2,"minecraft:stonecutter":1,"minecraft:wheat_seeds":13,"minecraft:rabbit_hide":1,"minecraft:iron_ingot":1,"biomesoplenty:toadstool":4,"minecraft:dandelion":4,"minecraft:stone_brick_slab":1,"born_in_chaos_v1:ethereal_spirit":4,"minecraft:gravel":24,"minecraft:sand":218,"biomesoplenty:fir_fence":5,"minecraft:spruce_sapling":2,"minecraft:ink_sac":3,"minecraft:spruce_log":8,"minecraft:spruce_door":1,"minecraft:spider_eye":1,"minecraft:mossy_cobblestone":1,"alexsmobs:raw_catfish":2,"minecraft:granite":7,"minecraft:gray_wool":1,"minecraft:emerald":1,"alexsmobs:maggot":4,"minecraft:oak_sapling":10,"minecraft:coal":69,"iceandfire:raw_silver":3},"minecraft:broken":{"minecraft:stone_pickaxe":3,"minecraft:wooden_axe":1,"iceandfire:silver_shovel":1,"minecraft:stone_shovel":3},"minecraft:custom":{"minecraft:mob_kills":96,"minecraft:interact_with_crafting_table":49,"minecraft:open_barrel":4,"minecraft:bell_ring":1,"minecraft:damage_dealt_resisted":368,"minecraft:leave_game":7,"minecraft:time_since_death":66133,"minecraft:climb_one_cm":1998,"minecraft:sprint_one_cm":610903,"minecraft:walk_one_cm":1476484,"minecraft:damage_blocked_by_shield":855,"minecraft:drop":39,"minecraft:damage_dealt_absorbed":80,"minecraft:play_time":374094,"minecraft:sneak_time":10718,"minecraft:deaths":16,"minecraft:walk_under_water_one_cm":54983,"minecraft:jump":4598,"minecraft:walk_on_water_one_cm":124777,"minecraft:total_world_time":374094,"minecraft:interact_with_furnace":61,"minecraft:sleep_in_bed":16,"minecraft:time_since_rest":66173,"minecraft:damage_taken":5617,"minecraft:trigger_trapped_chest":4,"minecraft:damage_dealt":19357,"minecraft:swim_one_cm":114033,"minecraft:fly_one_cm":523236,"minecraft:player_kills":1,"minecraft:open_chest":78,"minecraft:crouch_one_cm":30361,"minecraft:fall_one_cm":71190,"minecraft:fish_caught":3,"minecraft:horse_one_cm":5797},"minecraft:mined":{"iceandfire:graveyard_soil":2,"minecraft:farmland":2,"iceandfire:silver_ore":3,"minecraft:mossy_cobblestone":1,"minecraft:dark_oak_leaves":2,"gravestone:gravestone":16,"minecraft:granite":7,"biomesoplenty:bush":38,"minecraft:allium":3,"minecraft:grass_block":480,"minecraft:spruce_leaves":3,"minecraft:oxeye_daisy":6,"minecraft:chiseled_stone_bricks":1,"minecraft:large_fern":1,"minecraft:carrots":1,"biomesoplenty:toadstool":1,"minecraft:iron_ore":4,"minecraft:andesite":3,"biomesoplenty:fir_door":1,"minecraft:potatoes":9,"biomesoplenty:fir_stairs":11,"minecraft:vine":9,"minecraft:stone":936,"minecraft:bone_block":6,"minecraft:glass_pane":2,"minecraft:stone_brick_slab":2,"minecraft:dandelion":4,"minecraft:spruce_door":1,"minecraft:cornflower":5,"minecraft:crafting_table":1,"minecraft:torch":3,"minecraft:poppy":4,"biomesoplenty:fir_planks":35,"minecraft:melon":2,"iceandfire:ghost_chest":3,"minecraft:chest":1,"minecraft:copper_ore":11,"minecraft:glass":1,"minecraft:tall_grass":2,"minecraft:cobblestone":59,"minecraft:sugar_cane":3,"minecraft:blue_bed":4,"minecraft:wall_torch":8,"minecraft:coarse_dirt":1,"biomesoplenty:fir_fence":5,"minecraft:spruce_log":7,"minecraft:lilac":1,"minecraft:wheat":1,"biomesoplenty:fir_log":247,"minecraft:stone_brick_stairs":1,"minecraft:grass":50,"minecraft:oak_log":9,"minecraft:coal_ore":69,"minecraft:beetroots":1,"biomesoplenty:fir_leaves":246,"biomesoplenty:fir_trapdoor":2,"minecraft:gravel":29,"minecraft:sand":223,"minecraft:dirt":689,"minecraft:cobweb":4,"minecraft:cracked_stone_bricks":4,"minecraft:stone_bricks":4,"minecraft:deepslate":98,"biomesoplenty:reed":2,"minecraft:oak_leaves":304,"minecraft:infested_stone":1,"minecraft:fern":13},"minecraft:killed_by":{"minecraft:player":6,"alexsmobs:bison":1,"alexsmobs:crocodile":2,"minecraft:zombie":1,"iceandfire:ghost":3},"minecraft:dropped":{"born_in_chaos_v1:shattered_skull":1,"minecraft:wheat_seeds":1,"minecraft:lapis_lazuli":64,"minecraft:diamond":8,"minecraft:feather":1,"minecraft:flint":5,"minecraft:stick":1,"minecraft:emerald":3,"minecraft:torch":1,"iceandfire:silver_sword":1,"minecraft:mutton":2,"minecraft:iron_leggings":1,"gravestone:obituary":7,"minecraft:stonecutter":1,"minecraft:blue_bed":1,"minecraft:furnace":4,"minecraft:compass":1,"minecraft:cobbled_deepslate":35,"minecraft:rotten_flesh":3,"minecraft:smoker":1,"minecraft:cooked_mutton":2,"minecraft:salmon":1,"iceandfire:ghost_chest":1,"minecraft:allium":2,"minecraft:spruce_planks":42,"minecraft:iron_chestplate":1,"minecraft:oak_sapling":3,"minecraft:beef":9,"minecraft:arrow":5,"minecraft:bell":1},"minecraft:crafted":{"biomesoplenty:fir_trapdoor":2,"biomesoplenty:fir_stairs":52,"minecraft:wooden_sword":1,"minecraft:oak_planks":28,"minecraft:stone_shovel":4,"minecraft:fishing_rod":1,"minecraft:cooked_chicken":1,"iceandfire:silver_shovel":3,"minecraft:furnace":3,"minecraft:cooked_mutton":2,"minecraft:glass_pane":128,"minecraft:glass":217,"minecraft:stone_pickaxe":4,"minecraft:chest":6,"alexsmobs:cooked_catfish":2,"minecraft:stone_hoe":1,"minecraft:oak_fence":3,"iceandfire:silver_axe":1,"minecraft:cooked_beef":32,"minecraft:cooked_cod":2,"minecraft:crafting_table":5,"minecraft:spruce_planks":28,"minecraft:wooden_pickaxe":1,"majruszsdifficulty:bandage":4,"minecraft:iron_sword":1,"minecraft:air":0,"biomesoplenty:fir_planks":744,"biomesoplenty:fir_fence":78,"minecraft:shield":1,"minecraft:stick":128,"minecraft:iron_ingot":3,"minecraft:wooden_axe":2,"minecraft:stone_sword":1,"minecraft:torch":40,"iceandfire:silver_pickaxe":2,"iceandfire:silver_sword":2,"minecraft:shears":1,"biomesoplenty:fir_door":6},"minecraft:killed":{"born_in_chaos_v1:zombie_lumberjack":1,"born_in_chaos_v1:restless_spirit":2,"alexsmobs:raccoon":1,"minecraft:spider":4,"alexsmobs:tasmanian_devil":2,"minecraft:skeleton":15,"alexsmobs:blue_jay":1,"minecraft:chicken":2,"born_in_chaos_v1:skeleton_thrasher":1,"minecraft:silverfish":3,"alexsmobs:bison":6,"minecraft:drowned":5,"minecraft:pig":4,"minecraft:salmon":2,"minecraft:squid":1,"born_in_chaos_v1:decrepit_skeleton":1,"minecraft:sheep":8,"alexsmobs:catfish":1,"minecraft:zombie":23,"iceandfire:ghost":7,"alexsmobs:terrapin":3,"alexsmobs:fly":1,"minecraft:cow":1},"minecraft:used":{"iceandfire:silver_sword":17,"minecraft:stone_shovel":496,"minecraft:chest":7,"minecraft:spruce_planks":21,"minecraft:shield":25,"minecraft:iron_sword":331,"minecraft:cooked_chicken":1,"minecraft:stone_hoe":49,"minecraft:torch":52,"minecraft:dirt":656,"minecraft:mutton":6,"minecraft:granite":1,"minecraft:glass":136,"minecraft:wooden_axe":116,"iceandfire:ghost_chest":1,"minecraft:melon_seeds":4,"minecraft:oak_sapling":1,"minecraft:furnace":3,"minecraft:cooked_cod":2,"minecraft:beetroot_seeds":7,"biomesoplenty:fir_trapdoor":4,"minecraft:skeleton_skull":1,"minecraft:potato":16,"minecraft:cooked_beef":10,"biomesoplenty:fir_fence":63,"minecraft:cooked_mutton":5,"alexsmobs:cooked_catfish":2,"minecraft:water_bucket":3,"minecraft:stone_pickaxe":575,"minecraft:wooden_pickaxe":25,"biomesoplenty:fir_planks":345,"minecraft:blue_bed":3,"minecraft:cracked_stone_bricks":2,"minecraft:mossy_cobblestone":1,"minecraft:crafting_table":5,"iceandfire:silver_axe":242,"iceandfire:silver_pickaxe":631,"minecraft:apple":2,"minecraft:melon_slice":6,"biomesoplenty:fir_stairs":46,"minecraft:spruce_sapling":2,"minecraft:stone_axe":10,"minecraft:fishing_rod":10,"minecraft:wooden_sword":40,"minecraft:cobblestone":585,"biomesoplenty:fir_door":5,"minecraft:andesite":1,"majruszsdifficulty:bandage":4,"minecraft:cooked_porkchop":4,"minecraft:bucket":3,"born_in_chaos_v1:wood_splitter_axe":21,"minecraft:glass_pane":122,"biomesoplenty:fir_log":32,"iceandfire:silver_shovel":825}},"DataVersion":3465}