{"stats":{"minecraft:used":{"minecraft:stone_sword":128,"iceandfire:silver_sword":80,"minecraft:chest":1,"minecraft:spruce_planks":7,"minecraft:iron_sword":87,"minecraft:cooked_chicken":4,"minecraft:rotten_flesh":10,"minecraft:netherrack":19,"minecraft:torch":52,"minecraft:dirt":21,"minecraft:mutton":8,"minecraft:carrot":4,"minecraft:obsidian":1,"minecraft:iron_hoe":8,"minecraft:wooden_axe":31,"minecraft:lava_bucket":6,"iceandfire:armor_silver_metal_leggings":1,"iceandfire:dragon_ice":1,"minecraft:golden_carrot":7,"minecraft:beef":3,"minecraft:furnace":5,"minecraft:cooked_beef":22,"minecraft:pumpkin":1,"minecraft:cooked_mutton":6,"minecraft:water_bucket":3,"minecraft:stone_pickaxe":71,"minecraft:oak_planks":235,"minecraft:wooden_pickaxe":28,"iceandfire:dread_stone_bricks":5,"minecraft:cracked_stone_bricks":1,"minecraft:white_wool":3,"minecraft:crafting_table":6,"minecraft:diamond_pickaxe":34,"minecraft:chicken":6,"minecraft:brown_wool":2,"minecraft:iron_pickaxe":62,"minecraft:gravel":6,"minecraft:stone_axe":104,"minecraft:cobblestone":35,"minecraft:cooked_porkchop":14,"minecraft:porkchop":12,"minecraft:bucket":10,"alexsmobs:animal_dictionary":1,"minecraft:gray_wool":1},"minecraft:crafted":{"minecraft:oak_planks":280,"minecraft:cooked_chicken":4,"minecraft:furnace":2,"minecraft:cooked_mutton":6,"minecraft:iron_boots":1,"minecraft:iron_hoe":1,"minecraft:stone_pickaxe":2,"minecraft:chest":2,"minecraft:cooked_beef":24,"sophisticatedbackpacks:backpack":1,"iceandfire:silver_ingot":1,"minecraft:cooked_porkchop":14,"minecraft:crafting_table":6,"minecraft:spruce_planks":40,"minecraft:wooden_pickaxe":1,"minecraft:iron_sword":1,"minecraft:bucket":1,"minecraft:stone_axe":2,"minecraft:air":0,"minecraft:iron_chestplate":2,"minecraft:stick":44,"minecraft:iron_ingot":11,"minecraft:iron_pickaxe":2,"minecraft:wooden_axe":1,"minecraft:stone_sword":1,"minecraft:gold_ingot":9,"minecraft:torch":100},"minecraft:killed_by":{"iceandfire:cyclops":1,"minecraft:stray":1,"minecraft:enderman":1,"iceandfire:dread_ghoul":1,"iceandfire:ice_dragon":5,"minecraft:skeleton":1,"iceandfire:ghost":2},"minecraft:dropped":{"minecraft:iron_ingot":23,"minecraft:brown_mushroom":1,"minecraft:wheat_seeds":4,"minecraft:lapis_lazuli":10,"minecraft:iron_horse_armor":1,"minecraft:dirt":7,"iceandfire:armor_silver_metal_leggings":1,"iceandfire:armor_silver_metal_chestplate":1,"minecraft:gold_ingot":14,"minecraft:bone":2,"minecraft:obsidian":3,"minecraft:chiseled_stone_bricks":1,"minecraft:arrow":1,"iceandfire:manuscript":6,"minecraft:netherrack":1,"minecraft:black_wool":1},"minecraft:mined":{"minecraft:spruce_planks":1,"iceandfire:graveyard_soil":1,"minecraft:mossy_cobblestone":1,"minecraft:jack_o_lantern":2,"minecraft:obsidian":1,"gravestone:gravestone":11,"minecraft:grass_block":11,"minecraft:brown_wool":1,"iceandfire:dread_spawner":1,"minecraft:spruce_leaves":13,"minecraft:chiseled_stone_bricks":1,"minecraft:furnace":4,"minecraft:carrots":4,"minecraft:iron_ore":10,"minecraft:pumpkin":11,"minecraft:gold_block":1,"minecraft:potatoes":18,"minecraft:vine":2,"iceandfire:dread_stone_bricks_cracked":3,"minecraft:stone":55,"minecraft:bone_block":6,"minecraft:white_wool":1,"minecraft:spruce_slab":1,"minecraft:red_bed":1,"minecraft:powder_snow":71,"minecraft:torch":1,"minecraft:cobblestone":5,"minecraft:oak_planks":20,"minecraft:diorite":2,"minecraft:wall_torch":3,"minecraft:coarse_dirt":1,"minecraft:wheat":7,"minecraft:spruce_log":10,"minecraft:grass":7,"iceandfire:dread_stone_bricks_mossy":1,"minecraft:coal_ore":53,"minecraft:oak_log":69,"minecraft:gravel":4,"minecraft:dirt":24,"minecraft:cracked_stone_bricks":2,"minecraft:netherrack":26,"iceandfire:dread_stone_bricks":5,"minecraft:oak_leaves":26,"minecraft:fern":3},"minecraft:killed":{"minecraft:spider":1,"iceandfire:dread_knight":1,"minecraft:chicken":11,"minecraft:pig":11,"majruszsdifficulty:cursed_armor":1,"minecraft:sheep":8,"minecraft:zombie":14,"iceandfire:ghost":4,"minecraft:cow":10},"minecraft:picked_up":{"iceandfire:dread_stone_bricks":5,"minecraft:chicken":10,"minecraft:brown_mushroom":1,"biomesoplenty:orange_autumn_sapling":1,"minecraft:gold_block":1,"iceandfire:armor_silver_metal_chestplate":2,"minecraft:red_bed":1,"minecraft:iron_leggings":1,"minecraft:cracked_stone_bricks":2,"minecraft:spruce_planks":1,"minecraft:beef":17,"iceandfire:armor_silver_metal_leggings":1,"iceandfire:dread_shard":2,"minecraft:iron_pickaxe":1,"minecraft:spruce_slab":1,"minecraft:sugar_cane":4,"minecraft:egg":4,"minecraft:furnace":4,"minecraft:stick":4,"minecraft:raw_iron":10,"minecraft:torch":7,"minecraft:porkchop":26,"minecraft:diorite":3,"minecraft:carrot":7,"minecraft:iron_horse_armor":1,"minecraft:arrow":6,"minecraft:rotten_flesh":17,"minecraft:obsidian":1,"minecraft:mutton":14,"minecraft:bone_block":5,"minecraft:white_wool":7,"minecraft:cobblestone":71,"minecraft:feather":12,"minecraft:water_bucket":1,"minecraft:andesite":3,"minecraft:leather":6,"minecraft:brown_wool":2,"minecraft:potato":19,"minecraft:oak_log":72,"minecraft:gunpowder":1,"minecraft:dirt":35,"minecraft:bone":6,"minecraft:apple":1,"minecraft:wheat_seeds":11,"iceandfire:armor_silver_metal_helmet":1,"minecraft:iron_ingot":35,"minecraft:oak_planks":17,"minecraft:pumpkin":11,"minecraft:chiseled_stone_bricks":2,"minecraft:gravel":6,"minecraft:spruce_log":10,"minecraft:mossy_cobblestone":1,"biomesoplenty:maple_sapling":4,"iceandfire:dread_stone_bricks_mossy":1,"iceandfire:dragon_ice":1,"minecraft:granite":1,"minecraft:gray_wool":1,"minecraft:netherrack":26,"minecraft:coal":85,"minecraft:jack_o_lantern":2,"minecraft:oak_sapling":5,"minecraft:black_wool":2,"iceandfire:silver_nugget":26,"minecraft:diamond_pickaxe":1},"minecraft:custom":{"minecraft:mob_kills":71,"minecraft:interact_with_crafting_table":20,"minecraft:damage_dealt_resisted":378,"minecraft:leave_game":2,"minecraft:time_since_death":43,"minecraft:sprint_one_cm":750483,"minecraft:walk_one_cm":539336,"minecraft:drop":42,"minecraft:damage_dealt_absorbed":80,"minecraft:play_time":219823,"minecraft:deaths":14,"minecraft:sneak_time":12932,"minecraft:walk_under_water_one_cm":7411,"minecraft:jump":6511,"minecraft:walk_on_water_one_cm":15332,"minecraft:total_world_time":219823,"minecraft:interact_with_furnace":33,"minecraft:sleep_in_bed":2,"minecraft:time_since_rest":106,"minecraft:damage_taken":7557,"minecraft:trigger_trapped_chest":4,"minecraft:minecart_one_cm":27086,"minecraft:damage_dealt":11376,"minecraft:swim_one_cm":8342,"minecraft:fly_one_cm":1627720,"minecraft:open_chest":52,"minecraft:crouch_one_cm":33260,"minecraft:fall_one_cm":214530},"minecraft:broken":{"minecraft:stone_sword":1}},"DataVersion":3465}